Gene_celltype,Genes_cellsubtype,SMR_celltype,SMR_cellsubtype,Novel,COLOC
BTAF1,SLIT1,DCBLD1,DYNC1I2,DCBLD1,AC092691.1
CUTC,RUFY2,AC115622.1,FAM120AOS,AC115622.1,AC111006.1
PDCD11,PTPMT1,ZKSCAN8,AC092683.1,AC092691.1,AL139147.1
EIF3M,MTCH2,AC092691.1,RAB27B,ASB13,AL356295.1
DDB2,DAGLA,ASB13,MAP2K1,IVD,AL513166.1
MTCH2,FADS1,IVD,AC092683.1,GLT8D1,AL513166.1
CCS,GRM5,LRFN5,ANKRD36B,NPIPB4,AL583808.1
GRM5,DNAJC24,GLT8D1,AC092683.1,TANGO2,AREL1
SMIM10L1,MAPK8IP1,NPIPB4,PDIA6,AC073167.1,ASCC3
SPPL3,SPTBN2,TANGO2,AL583808.1,PBRM1,BAG5
DLST,TCTN1,AC073167.1,IVD,ASB2,CHD6
AL049840.4,VSIG10,SPCS1,C1QTNF4,CUL9,CTTNBP2
AL049840.5,LRFN5,PBRM1,SUDS3,RCC1,DCC
RASGRP1,TTC7B,ASB2,LRFN5,RIMKLB,DENND1A
AC020892.2,AL049840.2,FADS1,SPCS1,DPYSL4,GMPPB
NPIPB4,AL049840.5,CUL9,LINC01630,MFHAS1,GRM5
AC007344.1,KLC1,RCC1,LINC00535,AL442163.1,ITIH4
SPECC1,NEO1,RIMKLB,ASB13,TRMT112,LIN28B
GSDMB,NPIPB4,ZKSCAN8,LINC01630,DNAH10OS,LIN28B-AS1
AC007780.1,WIPI1,DPYSL4,TSHZ2,PPP1R13B,LINC00240
TBC1D16,RNF157,MFHAS1,AC073167.1,CCDC92,LINC00461
TBCD,ANKFN1,CHD6,PBRM1,ANKRD36B,LINC02796
AC009899.1,AC009899.1,AL442163.1,RIT2,NPIPB4,LINC02803
TCF4,TCF4,TRMT112,TTC12,FAM120AOS,LRFN5
RERE,NFATC1,DNAH10OS,ZNF718,ERI1,METTL9
EPHB2,RERE,ZKSCAN8,GLT8D1,VRK2,NEGR1
PHACTR4,AL139147.1,PPP1R13B,FAM120AOS,ZFHX4-AS1,NEK4
AL139147.1,NEGR1,TNKS2,PBRM1,CGGBP1,PLGLB1
NEGR1,AL513166.1,CCDC92,SLC41A1,AFAP1,RERE
AL513166.1,ACP6,ANKRD36B,MTCH2,PHACTR4,RNF103
ACP6,COP1,NPIPB4,RPRML,MYT1L,SLC12A5
COP1,AC119673.2,FAM120AOS,AC159540.2,DYNC1I2,SLC66A2
COQ8A,DESI2,ERI1,ASB13,DYNC1I2,SPPL3
CD40,COQ8A,LINC00899,NPIPB4,FAM120AOS,STIMATE
AC092683.1,BCL2L13,VRK2,IVD,AC092683.1,TMEM161B-AS1
ANKRD36B,ANKRD36B,ZFHX4-AS1,TTC12,MAP2K1,TMTC2
LINC01114,LINC01114,CGGBP1,CCDC92,AC092683.1,TRMT61A
NAB1,DYNC1I2,AFAP1,AC159540.2,ANKRD36B,VRK2
THUMPD3-AS1,DDX18,PHACTR4,TSPAN5,AC092683.1,YLPM1
SYN2,BZW1,MYT1L,DPYSL4,PDIA6,ZKSCAN7
NICN1,SENP7,DYNC1I2,TTC12,AL583808.1,ZKSCAN7-AS1
MST1,AC092691.1,,ZNF718,IVD,ZNF445
GMPPB,ZKSCAN7-AS1,,DISP1,C1QTNF4,ZNF852
TKT,TKT,,IVD,SUDS3,
CGGBP1,QRICH1,,TSPAN5,LINC01630,
SENP7,SH3BP2,,AC006547.1,LINC00535,
AC092691.1,LINC02060,,CELF2-AS2,ASB13,
LINC02024,NLN,,PTCH1,LINC01630,
AC092691.3,AC106818.2,,AC073167.1,TSHZ2,
FAM193A,TMEM161B-AS1,,ASB13,AC073167.1,
AC115622.1,MEF2C,,KIF15,PBRM1,
CCDC152,GRIK2,,MTCH2,TTC12,
PPWD1,WASF1,,ANKRD36B,ZNF718,
LINC02060,BLOC1S5,,FAM120AOS,GLT8D1,
LINC00461,ANKRD7,,DLGAP2,FAM120AOS,
MEF2C-AS2,MFHAS1,,ZNF718,PBRM1,
GRIK2,LINC01414,,SLC12A5,SLC41A1,
DCBLD1,ZDHHC21,,ANKRD36B,AC159540.2,
LINC00240,EBLN3P,,ANKRD36,ASB13,
ZSCAN16-AS1,PTBP3,,FAM189A1,NPIPB4,
ZKSCAN8,RPL12,,ZDHHC21,IVD,
AC104964.3,CTSF,,ARHGEF7,TTC12,
LINC01414,SPPL3,,VRK2,CCDC92,
CYP7B1,LRFN5,,GLTP,AC159540.2,
AC104232.3,CKB,,VRK2,TSPAN5,
TRPS1,DLST,,ANKRD36,DPYSL4,
ZNF638,MZF1,,ANKRD36,TTC12,
WDR37,RERE,,,ZNF718,
ASB13,NEGR1,,,DISP1,
ADO,AL513166.1,,,IVD,
TNKS2,COP1,,,TSPAN5,
INA,AC119673.2,,,AC006547.1,
DPYSL4,SLC35D1,,,CELF2-AS2,
LUZP2,STARD7,,,PTCH1,
ARFGAP2,ANKRD36B,,,AC073167.1,
PSMC3,ALMS1,,,ASB13,
MTCH2,RBM6,,,KIF15,
FADS1,AC092691.1,,,ANKRD36B,
GANAB,DAG1,,,FAM120AOS,
TRMT112,TKT,,,DLGAP2,
GRM5-AS1,QRICH1,,,ZNF718,
RIMKLB,SNCA,,,ANKRD36B,
CCDC91,AC115622.1,,,ANKRD36,
ACVR1B,AC105383.1,,,FAM189A1,
PTGES3,LINC00461,,,VRK2,
SUDS3,GRIK2,,,VRK2,
SPPL3,MPP6,,,ANKRD36,
ZNF605,TRPS1,,,ANKRD36,
B3GLCT,EBLN3P,,,,
LINC00390,FAM120AOS,,,,
HS6ST3,AL160272.1,,,,
HOMEZ,CTNNA3,,,,
AL121821.2,SLC25A28,,,,
LRFN5,BAG3,,,,
AL442163.1,FBXW4,,,,
EXD2,C11orf49,,,,
AREL1,AL122014.1,,,,
DLST,SLAIN1,,,,
ASB2,FAM177A1,,,,
TRAF3,CKB,,,,
TRMT61A,KLC1,,,,
BAG5,YLPM1,,,,
PPP1R13B,GSPT1,,,,
IVD,TCF4,,,,
AC073167.1,RERE,,,,
AC010931.3,NEGR1,,,,
FURIN,AL513166.1,,,,
SHISA9,EPS15,,,,
U91319.1,SGIP1,,,,
NPIPB4,SGSM3,,,,
CDH13,IMMT,,,,
RAPGEFL1,SYN2,,,,
RPRML,AC092691.1,,,,
ASXL3,TKT,,,,
LINC01630,NISCH,,,,
DCC,AC115622.1,,,,
RAB27B,LINC02060,,,,
ADNP2,TMEM161B-AS1,,,,
HDGFL2,OGFRL1,,,,
KLHL26,FOXO3,,,,
EPHB2,MDFIC,,,,
PAQR7,XKR6,,,,
RCC1,TTC39B,,,,
OPRD1,FAM120AOS,,,,
MANEAL,MTCH2,,,,
AL139147.1,AC131571.1,,,,
TCTEX1D1,MYBPC1,,,,
WDR78,SNX29,,,,
AL513166.1,NOL4,,,,
AL583808.1,TUT4,,,,
LINC02796,RABGAP1L,,,,
ST6GALNAC5,AC119673.2,,,,
PTBP2,SLC35D1,,,,
RAP1A,SLC35C2,,,,
MAN1A2,ARFGAP3,,,,
ACP6,EML6,,,,
PSMB4,ANKRD36B,,,,
POGZ,P4HTM,,,,
LINC02803,RBM6,,,,
COP1,AC084198.2,,,,
AL138927.1,WDR17,,,,
LINC01680,HTT,,,,
SLC41A1,SH3BP2,,,,
AC119673.2,CYP7B1,,,,
PSEN2,CNTLN,,,,
COQ8A,ASB13,,,,
ZNF133,RRP12,,,,
CHD6,DPYSL4,,,,
SLC12A5,ARAP1,,,,
BID,BBS1,,,,
TANGO2,RPS25,,,,
AC006547.1,KCNA4,,,,
ZDHHC8,CCDC91,,,,
KIAA0930,CABP1,,,,
PDIA6,CAMKK2,,,,
LINC01954,ACVR1B,,,,
SLC30A3,FAM216A,,,,
AC007098.1,UTP20,,,,
AC009501.3,DLST,,,,
ZNF638,CKB,,,,
FAHD2B,BAG5,,,,
ANKRD36,AREL1,,,,
AC159540.2,GPR176,,,,
AC092683.1,AC073167.1,,,,
ANKRD36B,AC010931.3,,,,
LINC01102,DET1,,,,
THUMPD3-AS1,U91319.1,,,,
ZNF445,BMERB1,,,,
ZNF852,ORMDL3,,,,
ZKSCAN7,MSL1,,,,
ZKSCAN7-AS1,RPRML,,,,
TMA7,DCC,,,,
QARS,RAB27B,,,,
AMT,TXNDC12,,,,
NICN1,PRPF38A,,,,
GMPPB,WDR78,,,,
PBRM1,AL513166.1,,,,
GLT8D1,AL583808.1,,,,
SPCS1,LINC02796,,,,
STIMATE,COP1,,,,
PTPRG,AC119673.2,,,,
SENP7,COQ8A,,,,
RSRC1,OSBPL9,,,,
AC110992.1,NRDC,,,,
CCDC39,SGIP1,,,,
MXD4,SLC25A17,,,,
ZFYVE28,ST13,,,,
MSANTD1,PDIA6,,,,
AC098829.1,ANKRD36,,,,
FBXL5,AC159540.2,,,,
TMEM33,AC092683.1,,,,
SLC30A9,RTN4,,,,
FNIP2,PANTR1,,,,
PPWD1,AMT,,,,
TMEM161B-AS1,STIMATE,,,,
LINC00461,SENP7,,,,
MEF2C-AS2,TTLL3,,,,
ILRUN,ZNF445,,,,
CUL9,P4HTM,,,,
GRIK2,LINC02024,,,,
LIN28B-AS1,NEK11,,,,
LIN28B,RHOA,,,,
AL139106.1,PRKAR2A,,,,
TMEM200A,MXD4,,,,
BTN3A3,AC098829.1,,,,
ZSCAN16-AS1,INPP4B,,,,
ZKSCAN8,FNIP2,,,,
ZKSCAN4,RAPGEF2,,,,
ZKSCAN3,AC124016.2,,,,
ZSCAN12,BANK1,,,,
LSM5,LINC00461,,,,
VPS41,PRELID2,,,,
DNAJC30,TMEM161B-AS1,,,,
CTTNBP2,AC106818.2,,,,
MFHAS1,AC114316.1,,,,
AC104964.3,GABRG2,,,,
FAM110B,LIN28B,,,,
AC018953.2,MAFK,,,,
AC069133.1,PCLO,,,,
LINC01289,AC006387.1,,,,
SNX16,MDFIC,,,,
AL355672.1,FAM110B,,,,
AL159169.2,CYP7B1,,,,
ZDHHC21,LONRF1,,,,
ZBTB5,AC124290.1,,,,
STRBP,FAM92A,,,,
RHOBTB1,PTCH1,,,,
ADK,ELAVL2,,,,
VDAC2,AL157829.1,,,,
TNKS2,GOLGA1,,,,
NT5C2,ZBTB34,,,,
INA,AK1,,,,
KNDC1,TNKS2,,,,
ATG13,WBP1L,,,,
ARFGAP2,SORCS3,,,,
C1QTNF4,TUBGCP2,,,,
MTCH2,C11orf49,,,,
NUP160,MTCH2,,,,
GRM5,COX8A,,,,
PHLDB1,PTPRJ,,,,
FAR2,C2CD3,,,,
ACVR1B,CPSF7,,,,
PTGES3,ETV6,,,,
SUDS3,CPNE8,,,,
DNAH10OS,ZNF664,,,,
AL356295.1,AL356295.1,,,,
LINC02315,TRAF3,,,,
ZBTB25,AC010931.3,,,,
DLST,AC106729.1,,,,
MLH3,ASXL3,,,,
BAG5,RAB27B,,,,
ZFYVE21,CDH2,,,,
PPP1R13B,EPHB2,,,,
FAM189A1,AL513166.1,,,,
AC020892.2,DENND1B,,,,
AC073167.1,COQ8A,,,,
CD276,SLC12A5,,,,
INSYN1,KIAA0930,,,,
NPIPB4,ZNF638,,,,
RAB27B,ANKRD36,,,,
TLE2,AC092683.1,,,,
TXNDC12,ANKRD36B,,,,
SCP2,CCNT2-AS1,,,,
AL139147.1,NYAP2,,,,
TCTEX1D1,SPTBN1,,,,
WDR78,METTL21A,,,,
AL513166.1,PANTR1,,,,
AL583808.1,ZKSCAN7-AS1,,,,
LINC02796,RBM6,,,,
SLC44A5,SPCS1,,,,
ADGRL4,SENP7,,,,
ACP6,ZNF445,,,,
AL645568.1,RSRC1,,,,
LINC02803,ZFYVE28,,,,
COP1,AC098829.1,,,,
ELK4,PARM1,,,,
AC119673.2,INPP4B,,,,
COQ8A,FNIP2,,,,
SLC12A5,RAPGEF2,,,,
C21orf62-AS1,FAM193A,,,,
ZDHHC8,ADD1,,,,
PDIA6,LMBRD1,,,,
ZNF638,HIVEP2,,,,
FAHD2B,SNX13,,,,
ANKRD36,PCLO,,,,
AC092683.1,FOXP2,,,,
C2orf92,LSM8,,,,
TMEM163,STX1A,,,,
AC011997.1,GTF2I,,,,
ZNF852,HBP1,,,,
ZKSCAN7-AS1,AC104964.3,,,,
KIF15,SCAI,,,,
AMT,AL355672.1,,,,
NICN1,PPP6C,,,,
RNF123,SAMD8,,,,
GNL3,PRDX5,,,,
NEK4,BBS1,,,,
SENP7,RBM14,,,,
NXPE3,C2CD3,,,,
MFSD10,DPF2,,,,
AC098829.1,TMTC2,,,,
C1QTNF7,PPTC7,,,,
SLC30A9,RNF34,,,,
TSPAN5,HSPH1,,,,
UGT8,DLST,,,,
IPO11,MARK3,,,,
PPWD1,IVD,,,,
TMEM161B-AS1,HOMER2,,,,
ANKHD1,MAP2K1,,,,
TCERG1,AC009081.2,,,,
SNRNP48,CYB561,,,,
ASCC3,ARHGAP23,,,,
GINM1,GOSR2,,,,
BTN3A3,PSMD3,,,,
ZSCAN16-AS1,ASXL3,,,,
ZKSCAN8,MAPRE2,,,,
ZSCAN9,DCC,,,,
PGBD1,RAB27B,,,,
MTERF1,MBD2,,,,
AC104964.3,ACTN4,,,,
CYP7B1,GRIK3,,,,
AL138756.1,AL513166.1,,,,
SUSD1,AL583808.1,,,,
CTNNA3,LINC02796,,,,
NEAT1,AL645568.1,,,,
CCDC92,COQ8A,,,,
TTC7B,IARS2,,,,
TNFAIP2,SLC12A5,,,,
MARK3,XPNPEP3,,,,
DMXL2,AC104781.2,,,,
METTL9,ZNF638,,,,
NPIPB4,ANKRD36,,,,
AMFR,ANKRD36B,,,,
AC005670.3,NYAP2,,,,
AATK,PLEKHM3,,,,
TCF4,PBRM1,,,,
CAP1,ERC2,,,,
COP1,DZIP3,,,,
SEMA4C,SRGAP3,,,,
ANKRD36B,TCAIM,,,,
BARD1,RHOA,,,,
THUMPD3-AS1,IP6K1,,,,
RBM6,RBM5,,,,
CACNA1D,ZNF718,,,,
ZNF718,AC098829.1,,,,
AC098829.1,FAM174A,,,,
ZSCAN16-AS1,HARS,,,,
GSDME,TMEM161B-AS1,,,,
OSBPL3,TAF11,,,,
MORN4,SSR1,,,,
SAAL1,AL354740.1,,,,
C1QTNF4,DOP1A,,,,
MTCH2,ASCC3,,,,
LTBP3,WDR60,,,,
RAB6A,CYP7B1,,,,
UBE4A,SNX16,,,,
GLTP,LINC01414,,,,
YLPM1,FAM92A,,,,
CKB,ZDHHC21,,,,
AL049840.2,FAM120AOS,,,,
ZFYVE21,FBXO10,,,,
FAM189A1,VDAC2,,,,
AC073167.1,NT5C2,,,,
NPIPB4,TRMT112,,,,
TCF4-AS1,CCDC84,,,,
SNHG12,VPS11,,,,
NEGR1,KCNA4,,,,
AL513166.1,SPPL3,,,,
PRMT6,HS6ST3,,,,
COP1,LRFN5,,,,
SLC41A1,CKB,,,,
LINC00899,MEIS2,,,,
VRK2,BMERB1,,,,
AC009501.3,ASXL3,,,,
RMND5A,RAB27B,,,,
ANKRD36,MZF1,,,,
ANKRD36B,AL513166.1,,,,
DYNC1I2,COP1,,,,
THUMPD3-AS1,WDTC1,,,,
ARPC4,NEGR1,,,,
ZKSCAN7,PI4KB,,,,
PBRM1,CRB1,,,,
TKT,SLC12A5,,,,
CGGBP1,ACOT8,,,,
ZBTB11,MED15,,,,
RSRC1,ZNF638,,,,
SELENOP,AC092683.1,,,,
PPWD1,ANKRD36B,,,,
TMEM161B-AS1,CCNT2-AS1,,,,
AC091826.2,LINC01250,,,,
CYSTM1,ZKSCAN7-AS1,,,,
PHF3,STIMATE,,,,
GINM1,SRPRB,,,,
HIST1H2BD,RNF123,,,,
ZSCAN16-AS1,CAMKV,,,,
ZKSCAN8,TWF2,,,,
MPP6,RHOA,,,,
GSDME,AC098829.1,,,,
GTF2I,USP38,,,,
CTTNBP2,FAM172A,,,,
ERI1,GRIK2,,,,
AC100814.1,SDK1,,,,
ZFHX4-AS1,TMEM106B,,,,
FAM120AOS,CTTNBP2,,,,
DENND1A,AC006387.1,,,,
SORCS3,MDFIC,,,,
ARFGAP2,NCAPG2,,,,
MTCH2,CUL1,,,,
TMEM258,CYP7B1,,,,
CADM1,FAM92A,,,,
HS6ST3,SUSD1,,,,
RTN1,STRBP,,,,
TRAF3,WBP1L,,,,
MARCH10,PCGF6,,,,
LINC01416,KAT6B,,,,
ZNF493,CNNM2,,,,
ZNF730,METTL15,,,,
PHACTR4,MADD,,,,
AL139147.1,GRM5,,,,
NEGR1,PCDH9,,,,
AL513166.1,HS6ST3,,,,
MYT1L,DLST,,,,
ANKRD36,BAG5,,,,
ANKRD36B,BTBD7,,,,
DYNC1I2,CDC42BPB,,,,
ZNF804A,SHISA9,,,,
ERBB4,TCF4,,,,
SYN2,AL513166.1,,,,
AFAP1,DIPK1A,,,,
AC098829.1,POGZ,,,,
SELENOP,COP1,,,,
TMEM161B-AS1,PSMD4,,,,
AC091826.2,PARP1,,,,
LINC00461,SLC12A5,,,,
BTN3A1,NUP50-DT,,,,
HMGN4,DDX1,,,,
LINC00240,AC092683.1,,,,
ZSCAN16-AS1,PLA2R1,,,,
ZKSCAN8,ZNF445,,,,
C7orf50,P4HTM,,,,
TMEM106B,RAPGEF2,,,,
GTF2IRD2,PIK3R1,,,,
ZNF804B,AC008591.1,,,,
MSRA,GRIK2,,,,
HNF4G,COG5,,,,
ZDHHC21,GTF2I,,,,
FAM120AOS,TMEM67,,,,
,FAM120AOS,,,,
,STRBP,,,,
,WBP1L,,,,
,C1QTNF4,,,,
,MTCH2,,,,
,BBS1,,,,
,RTN4RL2,,,,
,CPSF7,,,,
,AC053513.1,,,,
,B3GLCT,,,,
,PCDH17,,,,
,JKAMP,,,,
,NAA30,,,,
,HACD3,,,,
,ERCC4,,,,
,METTL9,,,,
,PSMD3,,,,
,INPP5B,,,,
,PDE4B,,,,
,WDR78,,,,
,AL513166.1,,,,
,COP1,,,,
,COQ8A,,,,
,PSMB4,,,,
,ZBTB41,,,,
,SLC12A5,,,,
,ZNF638,,,,
,AC092683.1,,,,
,ANKRD36B,,,,
,C2orf92,,,,
,TMA7,,,,
,NCKIPSD,,,,
,RBM6,,,,
,SLC33A1,,,,
,AC098829.1,,,,
,ADRA1B,,,,
,TMEM161B-AS1,,,,
,SAMD3,,,,
,LATS1,,,,
,AC002383.1,,,,
,LSM8,,,,
,GPR22,,,,
,MIR124-2HG,,,,
,PDP1,,,,
,EXOSC3,,,,
,FAM120AOS,,,,
,ELAVL2,,,,
,TRUB1,,,,
,CPEB3,,,,
,NCAM1,,,,
,ST8SIA1,,,,
,LRFN5,,,,
,SPTB,,,,
,ZC3H7A,,,,
,ASXL3,,,,
,TCF4,,,,
,COQ8A,,,,
,PTBP2,,,,
,MRTFA,,,,
,ANKRD36B,,,,
,LINC01122,,,,
,RBM6,,,,
,AC092691.1,,,,
,P4HTM,,,,
,MFSD1,,,,
,MEF2C-AS1,,,,
,GPR22,,,,
,PSMB7,,,,
,TNKS2,,,,
,ARL3,,,,
,NT5C2,,,,
,INA,,,,
,KAT6B,,,,
,TAF5,,,,
,MPPED2,,,,
,C1QTNF4,,,,
,MTCH2,,,,
,NCAPD3,,,,
,LINC01616,,,,
,PSMC3,,,,
,PTPRJ,,,,
,CKAP5,,,,
,PC,,,,
,GRM5,,,,
,AC244131.2,,,,
,DENND5B,,,,
,AC073896.2,,,,
,PTGES3,,,,
,ANO4,,,,
,SUDS3,,,,
,AC125616.1,,,,
,ZNF605,,,,
,CUX2,,,,
,UTP20,,,,
,B3GLCT,,,,
,LINC00390,,,,
,CHAMP1,,,,
,AL121821.2,,,,
,EXD2,,,,
,DLST,,,,
,BAG5,,,,
,GEMIN2,,,,
,CDC42BPB,,,,
,PPP1R13B,,,,
,IVD,,,,
,GLDN,,,,
,MAP2K1,,,,
,FURIN,,,,
,NPTN,,,,
,CPPED1,,,,
,U91319.1,,,,
,NPIPB4,,,,
,ZFP1,,,,
,CDH13,,,,
,FOPNL,,,,
,RAPGEFL1,,,,
,RPRML,,,,
,CWC25,,,,
,WBP2,,,,
,LINC01630,,,,
,RAB27B,,,,
,TCF4,,,,
,CERS4,,,,
,BRD4,,,,
,ZNF584,,,,
,AC022146.2,,,,
,FDX2,,,,
,AKAP8L,,,,
,WDR78,,,,
,AL513166.1,,,,
,AL583808.1,,,,
,LINC02796,,,,
,NTNG1,,,,
,ACP6,,,,
,LINC02803,,,,
,COP1,,,,
,AC119673.2,,,,
,COQ8A,,,,
,SLC45A1,,,,
,PDIK1L,,,,
,RCC1,,,,
,MIR137HG,,,,
,SLC12A5,,,,
,ZNF335,,,,
,RTEL1,,,,
,TANGO2,,,,
,PDIA6,,,,
,LINC01954,,,,
,ZNF638,,,,
,ANKRD36,,,,
,AC092683.1,,,,
,ANKRD36B,,,,
,NYAP2,,,,
,SLC30A3,,,,
,MDH1,,,,
,STARD7,,,,
,LINC01102,,,,
,PANTR1,,,,
,SP3,,,,
,APLF,,,,
,ZKSCAN7-AS1,,,,
,ZNF502,,,,
,KIF15,,,,
,AMT,,,,
,BSN,,,,
,RBM6,,,,
,ALAS1,,,,
,PBRM1,,,,
,SPCS1,,,,
,STIMATE,,,,
,MAGI1,,,,
,SENP7,,,,
,THUMPD3-AS1,,,,
,ZNF197,,,,
,CACNA2D2,,,,
,GNL3,,,,
,GK5,,,,
,NECTIN3,,,,
,DALRD3,,,,
,PRKAR2A,,,,
,RBM5,,,,
,AC098829.1,,,,
,THAP9-AS1,,,,
,TSPAN5,,,,
,INPP4B,,,,
,FNIP2,,,,
,RAPGEF2,,,,
,AC079140.6,,,,
,LINC00461,,,,
,AC124854.1,,,,
,FAM174A,,,,
,AC008591.1,,,,
,PPWD1,,,,
,TMEM161B-AS1,,,,
,RBM27,,,,
,ARHGEF37,,,,
,NR2F1-AS1,,,,
,AL591519.1,,,,
,GRIK2,,,,
,SAMD3,,,,
,KLC4,,,,
,GSDME,,,,
,ZMIZ2,,,,
,LSM5,,,,
,AC006387.1,,,,
,CHCHD3,,,,
,STMP1,,,,
,AC104964.3,,,,
,LINC01289,,,,
,CYP7B1,,,,
,SNX16,,,,
,LINC00535,,,,
,AL159169.2,,,,
,ZDHHC21,,,,
,PHF2,,,,
,SLC25A25-AS1,,,,
,CNTLN,,,,
,ELAVL2,,,,
,EBLN3P,,,,
,GRHPR,,,,
,CDK9,,,,
,ASB13,,,,
,ADK,,,,
,INA,,,,
,TRUB1,,,,
,ARHGAP19,,,,
,ZDHHC16,,,,
,PDCD11,,,,
,DNAJC24,,,,
,C1QTNF4,,,,
,PDE2A,,,,
,VPS51,,,,
,AP002748.6,,,,
,NDUFS3,,,,
,CPNE8,,,,
,SUDS3,,,,
,SRSF9,,,,
,SPPL3,,,,
,ZNF140,,,,
,ACVR1B,,,,
,RNF41,,,,
,C2CD5,,,,
,RNF34,,,,
,PCDH9,,,,
,IL17D,,,,
,HS6ST3,,,,
,AL442067.3,,,,
,STXBP6,,,,
,LRFN5,,,,
,DLST,,,,
,EIF2B2,,,,
,TRAF3,,,,
,CKB,,,,
,PSMC6,,,,
,ASB2,,,,
,TRMT61A,,,,
,IVD,,,,
,AC073167.1,,,,
,CDH13,,,,
,GNAO1,,,,
,GSDMB,,,,
,RAPGEFL1,,,,
,RPRML,,,,
,AC005670.3,,,,
,GNA13,,,,
,FN3K,,,,
,ASGR1,,,,
,RAI1,,,,
,GOSR2,,,,
,MED24,,,,
,METTL2A,,,,
,MAPRE2,,,,
,LINC01630,,,,
,RAB27B,,,,
,CERS4,,,,
,EPHB2,,,,
,PHACTR4,,,,
,AL513166.1,,,,
,AL583808.1,,,,
,LINC02796,,,,
,NTNG1,,,,
,MAN1A2,,,,
,ACP6,,,,
,AL645568.1,,,,
,LINC02803,,,,
,COP1,,,,
,BRINP3,,,,
,AC119673.2,,,,
,COQ8A,,,,
,RCC1,,,,
,ZFP69B,,,,
,CMPK1,,,,
,NRDC,,,,
,AL139147.1,,,,
,TCTEX1D1,,,,
,NEGR1,,,,
,AL138927.1,,,,
,ELK4,,,,
,MIR137HG,,,,
,DNTTIP1,,,,
,SLC12A5,,,,
,C21orf62-AS1,,,,
,BACH1,,,,
,SLC25A17,,,,
,KIAA0930,,,,
,COMT,,,,
,HSCB,,,,
,RANGAP1,,,,
,ADSL,,,,
,MYT1L,,,,
,PDIA6,,,,
,LINC01954,,,,
,AC009501.3,,,,
,ZNF638,,,,
,ANKRD36,,,,
,AC159540.2,,,,
,AC092683.1,,,,
,ANKRD36B,,,,
,CACNB4,,,,
,NEUROD1,,,,
,FAHD2B,,,,
,LYG1,,,,
,KLF7,,,,
,UBE2E1,,,,
,AMT,,,,
,RBM6,,,,
,PBRM1,,,,
,SPCS1,,,,
,STIMATE,,,,
,SRGAP3,,,,
,ZNF445,,,,
,QARS,,,,
,TCTA,,,,
,NICN1,,,,
,GMPPB,,,,
,RPL24,,,,
,ZFYVE28,,,,
,AC098829.1,,,,
,FNIP2,,,,
,AC111006.1,,,,
,AC114971.1,,,,
,MEF2C-AS2,,,,
,CDH18,,,,
,LMBRD1,,,,
,ASCC3,,,,
,MRM2,,,,
,NAPEPLD,,,,
,AC006387.1,,,,
,MRPS33,,,,
,MAD1L1,,,,
,H2AFV,,,,
,AC104964.3,,,,
,SNX16,,,,
,LINC00535,,,,
,AL159169.2,,,,
,CNTFR,,,,
,GOLGA1,,,,
,MAPKAP1,,,,
,INA,,,,
,SORCS3,,,,
,DPYSL4,,,,
,MTCH2,,,,
,PTPMT1,,,,
,SLC22A24,,,,
,FRMD8,,,,
,MRPL11,,,,
,AP002748.6,,,,
,RBM14,,,,
,FAM118B,,,,
,DPF2,,,,
,PTGES3,,,,
,SUDS3,,,,
,AC125616.1,,,,
,DNAH10OS,,,,
,AC079630.1,,,,
,ACVR1B,,,,
,RFC5,,,,
,TAOK3,,,,
,PCDH20,,,,
,STK24,,,,
,BAG5,,,,
,AL355835.1,,,,
,AC073167.1,,,,
,INSYN1,,,,
,FURIN,,,,
,NPIPB4,,,,
,MSL1,,,,
,RPRML,,,,
,PPP1R1B,,,,
,ASXL3,,,,
,LINC01630,,,,
,DCC,,,,
,RAB27B,,,,
,RIT2,,,,
,ZCCHC2,,,,
,CERS4,,,,
,AC022146.2,,,,
,AL513166.1,,,,
,LINC02796,,,,
,MAN1A2,,,,
,LINC02803,,,,
,COP1,,,,
,AC119673.2,,,,
,COQ8A,,,,
,SGIP1,,,,
,TCTEX1D1,,,,
,SLC41A1,,,,
,SLC12A5,,,,
,TSHZ2,,,,
,AC006547.1,,,,
,LINC01954,,,,
,AC009501.3,,,,
,ZNF638,,,,
,RAB11FIP5,,,,
,ANKRD36,,,,
,AC092683.1,,,,
,RBMS1,,,,
,LINC01102,,,,
,PANTR1,,,,
,ZKSCAN7-AS1,,,,
,AMT,,,,
,PBRM1,,,,
,GLT8D1,,,,
,ZNF445,,,,
,ZNF852,,,,
,TCTA,,,,
,RNF123,,,,
,DCP1A,,,,
,AC068633.1,,,,
,CCDC39,,,,
,IP6K1,,,,
,DALRD3,,,,
,AFAP1,,,,
,AC098829.1,,,,
,RAPGEF2,,,,
,DMGDH,,,,
,AC091826.2,,,,
,SGCD,,,,
,PPWD1,,,,
,LINC02060,,,,
,AC106818.2,,,,
,APBB3,,,,
,ADAM19,,,,
,FBXO9,,,,
,LIN28B,,,,
,PLAGL1,,,,
,HIVEP1,,,,
,KLC4,,,,
,AC104964.3,,,,
,CYP7B1,,,,
,SNX16,,,,
,TMEM67,,,,
,LONRF1,,,,
,FAM120AOS,,,,
,ZCCHC7,,,,
,PTAR1,,,,
,WDR37,,,,
,SFXN2,,,,
,CELF2-AS2,,,,
,H2AFY2,,,,
,AC103855.2,,,,
,C1QTNF4,,,,
,MTCH2,,,,
,FAT3,,,,
,TTC12,,,,
,SCYL1,,,,
,PAAF1,,,,
,RTN4RL2,,,,
,TM7SF2,,,,
,BANF1,,,,
,CCDC91,,,,
,CPNE8,,,,
,AC125616.1,,,,
,AC053513.1,,,,
,PPTC7,,,,
,RFC5,,,,
,ZNF664,,,,
,FAM216A,,,,
,B3GLCT,,,,
,AL442163.1,,,,
,DLST,,,,
,BTBD7,,,,
,PPP1R13B,,,,
,COA8,,,,
,CD276,,,,
,BTBD1,,,,
,DET1,,,,
,NPIPB4,,,,
,SHISA9,,,,
,RPRML,,,,
,PPP1R9B,,,,
,ASXL3,,,,
,RAB27B,,,,
,EPHB2,,,,
,TXNDC12,,,,
,WDR78,,,,
,AL513166.1,,,,
,AL583808.1,,,,
,LINC02796,,,,
,SLC44A5,,,,
,MAN1A2,,,,
,POU2F1,,,,
,LINC02803,,,,
,COP1,,,,
,AC119673.2,,,,
,COQ8A,,,,
,GNL2,,,,
,MAST2,,,,
,TCTEX1D1,,,,
,AL138927.1,,,,
,SLC41A1,,,,
,PARK7,,,,
,ZBTB40,,,,
,TESK2,,,,
,RC3H1,,,,
,SLC12A5,,,,
,ZHX3,,,,
,PPP1R16B,,,,
,TSHZ2,,,,
,AC006547.1,,,,
,DGCR8,,,,
,ZC3H7B,,,,
,LINC01954,,,,
,AC009501.3,,,,
,ZNF638,,,,
,RNF103,,,,
,ANKRD36,,,,
,AC159540.2,,,,
,ANKRD36B,,,,
,CHST10,,,,
,LINC01102,,,,
,C2orf69,,,,
,PANTR1,,,,
,KLF7,,,,
,ZKSCAN7-AS1,,,,
,AMT,,,,
,RBM6,,,,
,PBRM1,,,,
,GLT8D1,,,,
,NEK4,,,,
,SENP7,,,,
,THUMPD3-AS1,,,,
,RPUSD3,,,,
,NKIRAS1,,,,
,ZNF445,,,,
,ZNF852,,,,
,USP4,,,,
,TUSC2,,,,
,ZNF718,,,,
,AC098829.1,,,,
,C4orf45,,,,
,RAPGEF2,,,,
,AC111006.1,,,,
,TMEM165,,,,
,AC091826.2,,,,
,LINC00461,,,,
,SGCD,,,,
,PPWD1,,,,
,TMEM161B-AS1,,,,
,DCP2,,,,
,GRIK2,,,,
,PCMT1,,,,
,SSR1,,,,
,CUL7,,,,
,CTTNBP2,,,,
,AC079760.2,,,,
,MTERF1,,,,
,ANKIB1,,,,
,AC104964.3,,,,
,AC034111.2,,,,
,NRG1,,,,
,YTHDF3,,,,
,FAM120AOS,,,,
,SUSD1,,,,
,PTAR1,,,,
,AL157829.1,,,,
,DENND1A,,,,
,STXBP1,,,,
,FBXO10,,,,
,RPL35,,,,
,ASB13,,,,
,INA,,,,
,SORCS3,,,,
,LINC01435,,,,
,ADO,,,,
,NRBF2,,,,
,ARHGAP19,,,,
,ARL14EP,,,,
,TRMT112,,,,
,FAT3,,,,
,SLC37A4,,,,
,DDB2,,,,
,PTPMT1,,,,
,PTPRJ,,,,
,DPP3,,,,
,P4HA3,,,,
,IFT46,,,,
,RBM4,,,,
,AC010201.3,,,,
,SUDS3,,,,
,ARL6IP4,,,,
,C2CD5,,,,
,B3GLCT,,,,
,LINC00390,,,,
,AL356295.1,,,,
,PCDH9,,,,
,DLST,,,,
,LINC00641,,,,
,PLEKHG3,,,,
,IVD,,,,
,USP3,,,,
,AC073167.1,,,,
,CD276,,,,
,NPIPB4,,,,
,RAPGEFL1,,,,
,RPRML,,,,
,GOSR2,,,,
,RARA,,,,
,EFNB3,,,,
,RAB27B,,,,
,LINC01917,,,,
,CERS4,,,,
,ZNF324,,,,
,PRPF38A,,,,
,WDR78,,,,
,AL513166.1,,,,
,AL583808.1,,,,
,MAN1A2,,,,
,LINC02803,,,,
,COP1,,,,
,COQ8A,,,,
,RCC1,,,,
,TCTEX1D1,,,,
,NEGR1,,,,
,AL138927.1,,,,
,BCL9,,,,
,RLF,,,,
,ELAVL4,,,,
,SLC12A5,,,,
,ACTR5,,,,
,ZNF335,,,,
,TANGO2,,,,
,LINC01954,,,,
,KCNF1,,,,
,WDPCP,,,,
,ZNF638,,,,
,RNF103,,,,
,ANKRD36,,,,
,AC159540.2,,,,
,AC018730.1,,,,
,TMEM163,,,,
,RBMS1,,,,
,AC019330.1,,,,
,ZKSCAN7-AS1,,,,
,ARIH2,,,,
,RBM6,,,,
,NEK4,,,,
,STIMATE,,,,
,ZNF445,,,,
,ZNF852,,,,
,NICN1,,,,
,NEK11,,,,
,RSRC1,,,,
,EIF4G1,,,,
,RPL24,,,,
,TUSC2,,,,
,RBM5,,,,
,HS3ST1,,,,
,AC098829.1,,,,
,FNIP2,,,,
,AC111006.1,,,,
,AC091826.2,,,,
,MEF2C-AS2,,,,
,PPWD1,,,,
,TMEM161B-AS1,,,,
,LINC02060,,,,
,NR2F1-AS1,,,,
,ILRUN,,,,
,GRIK2,,,,
,LIN28B,,,,
,MRM2,,,,
,VPS41,,,,
,VSTM2A-OT1,,,,
,CTTNBP2,,,,
,BRAT1,,,,
,MPP6,,,,
,AC104964.3,,,,
,RBM12B,,,,
,EXOSC3,,,,
,FAM120AOS,,,,
,EBLN3P,,,,
,DNA2,,,,
,ARL3,,,,
,INA,,,,
,RHOBTB1,,,,
,CPEB3,,,,
,AC103855.2,,,,
,TMEM179B,,,,
,TTC12,,,,
,PSMC3,,,,
,RPS6KA4,,,,
,BBS1,,,,
,SLC36A4,,,,
,IFT46,,,,
,CAMKK2,,,,
,HIP1R,,,,
,CCDC92,,,,
,ANKRD52,,,,
,B3GLCT,,,,
,AL356295.1,,,,
,PCDH9,,,,
,AL442163.1,,,,
,DLST,,,,
,TRAF3,,,,
,BAG5,,,,
,KLC1,,,,
,PPP1R13B,,,,
,CD276,,,,
,SHISA9,,,,
,GSDMB,,,,
,PPP1R1B,,,,
,DCAF7,,,,
,MED24,,,,
,ME2,,,,
,ZCCHC2,,,,
,CERS4,,,,
,A1BG-AS1,,,,
,PPIE,,,,
,WDR78,,,,
,AL513166.1,,,,
,AL583808.1,,,,
,LINC02796,,,,
,MAN1A2,,,,
,NBPF11,,,,
,LINC02803,,,,
,COP1,,,,
,AC119673.2,,,,
,DNAJC8,,,,
,TRIM33,,,,
,CRB1,,,,
,SLC12A5,,,,
,ZC3H7B,,,,
,PDIA6,,,,
,LINC01954,,,,
,FNDC4,,,,
,ANKRD36,,,,
,ANKRD36B,,,,
,TANK,,,,
,AC096570.1,,,,
,MEMO1,,,,
,ZKSCAN7-AS1,,,,
,WDR6,,,,
,AMT,,,,
,NEK4,,,,
,XXYLT1,,,,
,ZNF445,,,,
,ZNF197,,,,
,DALRD3,,,,
,AC098829.1,,,,
,TSPAN5,,,,
,FNIP2,,,,
,INTS12,,,,
,HARS,,,,
,PPP2R2B,,,,
,PPWD1,,,,
,TMEM161B-AS1,,,,
,NR2F1-AS1,,,,
,ILRUN,,,,
,MAFK,,,,
,PMPCB,,,,
,FOXP2,,,,
,AC104964.3,,,,
,LINC00535,,,,
,PDP1,,,,
,CSMD3,,,,
,ASTN2,,,,
,DCAF12,,,,
,DENND1A,,,,
,TNKS2,,,,
,NT5C2,,,,
,INA,,,,
,EXOSC1,,,,
,DPYSL4,,,,
,LINC00710,,,,
,MTCH2,,,,
,LTBP3,,,,
,DPP3,,,,
,SPPL3,,,,
,ACVR1B,,,,
,TMTC2,,,,
,PXMP2,,,,
,AL356295.1,,,,
,AL442163.1,,,,
,EXD2,,,,
,BAG5,,,,
,SNAPC5,,,,
,U91319.1,,,,
,SHISA9,,,,
,HMOX2,,,,
,ACE,,,,
,LINC01630,,,,
,RAB27B,,,,
,ZNF521,,,,
,LINC01917,,,,
,RAB3D,,,,
,EPHB2,,,,
,ZFYVE9,,,,
,WDR78,,,,
,AL513166.1,,,,
,AL583808.1,,,,
,LINC02796,,,,
,LINC02803,,,,
,AC119673.2,,,,
,HNRNPR,,,,
,SH3BGRL3,,,,
,SRSF4,,,,
,TCTEX1D1,,,,
,BX005019.1,,,,
,CRB1,,,,
,SLC41A1,,,,
,PSEN2,,,,
,SLC12A5,,,,
,RTL10,,,,
,AC006547.1,,,,
,DGCR8,,,,
,HPS4,,,,
,PDIA6,,,,
,ZNF638,,,,
,FAM178B,,,,
,AC159540.2,,,,
,CCNYL1,,,,
,ZKSCAN7-AS1,,,,
,ZNF502,,,,
,AMT,,,,
,BSN,,,,
,RBM6,,,,
,PBRM1,,,,
,SPCS1,,,,
,NEK4,,,,
,PTPRG,,,,
,ZNF197,,,,
,RASSF1,,,,
,RSRC1,,,,
,DAG1,,,,
,ZFYVE28,,,,
,AC098829.1,,,,
,TSPAN5,,,,
,FNIP2,,,,
,WDR41,,,,
,TRAM2,,,,
,LIN28B,,,,
,CUL7,,,,
,ASCC3,,,,
,ESYT2,,,,
,DNAJC30,,,,
,AC023385.1,,,,
,AC104964.3,,,,
,CYP7B1,,,,
,SNX16,,,,
,AL355672.1,,,,
,ZBTB5,,,,
,LRSAM1,,,,
,TUSC1,,,,
,PPP6C,,,,
,AL353595.1,,,,
,TRIM32,,,,
,ASB13,,,,
,TNKS2,,,,
,SLIT1,,,,
,NT5C2,,,,
,SORCS3,,,,
,CELF2-AS2,,,,
,ERLIN1,,,,
,ADAM12,,,,
,ATRNL1,,,,
,ARL14EP,,,,
,DNAJC24,,,,
,MTCH2,,,,
,COX8A,,,,
,FAT3,,,,
,TTC12,,,,
,PSMC3,,,,
,PTPMT1,,,,
,MED19,,,,
,NRXN2,,,,
,HINFP,,,,
,RTN4RL2,,,,
,PC,,,,
,KBTBD4,,,,
,FTH1,,,,
,PTGES3,,,,
,SUDS3,,,,
,SPPL3,,,,
,ACVR1B,,,,
,TCTN1,,,,
,AL356295.1,,,,
,STK24,,,,
,DLST,,,,
,BAG5,,,,
,AREL1,,,,
,PPP4R3A,,,,
,BTBD7,,,,
,TRMT61A,,,,
,DICER1,,,,
,IVD,,,,
,AC073167.1,,,,
,HOMER2,,,,
,NPIPB4,,,,
,AMFR,,,,
,RAPGEFL1,,,,
,RPRML,,,,
,TANC2,,,,
,FN3K,,,,
,MED24,,,,
,DCC,,,,
,RAB27B,,,,
,ADNP2,,,,
,ZSCAN30,,,,
,CERS4,,,,
,A1BG,,,,
,PHACTR4,,,,
,OPRD1,,,,
,GRIK3,,,,
,WDR78,,,,
,AL513166.1,,,,
,AL583808.1,,,,
,LINC02796,,,,
,ACP6,,,,
,NBPF11,,,,
,POGZ,,,,
,LINC02803,,,,
,COP1,,,,
,AC119673.2,,,,
,DISP1,,,,
,COQ8A,,,,
,SLC45A1,,,,
,PAQR7,,,,
,MANEAL,,,,
,AL139147.1,,,,
,TCTEX1D1,,,,
,LINC01680,,,,
,SLC41A1,,,,
,PSEN2,,,,
,ERICH3,,,,
,ZBTB18,,,,
,SLC12A5,,,,
,UBOX5,,,,
,AP5S1,,,,
,ACTR5,,,,
,PPP1R16B,,,,
,LINC01422,,,,
,TANGO2,,,,
,AC006547.1,,,,
,PDIA6,,,,
,ZNF638,,,,
,ANKRD36,,,,
,AC159540.2,,,,
,AC092683.1,,,,
,ANKRD36B,,,,
,TBR1,,,,
,AC096570.1,,,,
,TXNDC9,,,,
,LINC01102,,,,
,LINC01122,,,,
,PANTR1,,,,
,CIAO1,,,,
,ID2,,,,
,ZNF502,,,,
,KIF15,,,,
,AMT,,,,
,NEK4,,,,
,PTPRG,,,,
,SENP7,,,,
,AC010210.1,,,,
,IP6K2,,,,
,P4HTM,,,,
,TCTA,,,,
,NICN1,,,,
,AC092040.1,,,,
,AMOTL2,,,,
,ABCF3,,,,
,IP6K1,,,,
,DAG1,,,,
,ZNF718,,,,
,AC098829.1,,,,
,RCHY1,,,,
,TMEM150C,,,,
,TSPAN5,,,,
,MFSD10,,,,
,AC111006.1,,,,
,ADD1,,,,
,CDH9,,,,
,MEF2C-AS2,,,,
,MEF2C-AS1,,,,
,REEP2,,,,
,CCDC152,,,,
,IPO11,,,,
,TMEM161B-AS1,,,,
,DCP2,,,,
,LIN28B,,,,
,CUL9,,,,
,LIN28B-AS1,,,,
,MICALL2,,,,
,CDK14,,,,
,DUS4L,,,,
,BRAT1,,,,
,MTERF1,,,,
,CYP51A1,,,,
,AC104964.3,,,,
,TMEM67,,,,
,NRG1,,,,
,PDP1,,,,
,CSMD3,,,,
,ZDHHC21,,,,
,FAM120AOS,,,,
,PTCH1,,,,
,FANCC,,,,
,PAPPA,,,,
,PPP6C,,,,
,RPL35,,,,
,KNDC1,,,,
,C1QTNF4,,,,
,MTCH2,,,,
,ELP4,,,,
,ANKS1B,,,,
,NACA,,,,
,AL356295.1,,,,
,IPO5,,,,
,PCDH8,,,,
,LRFN5,,,,
,LINC02315,,,,
,DLST,,,,
,BAG5,,,,
,PPP1R13B,,,,
,TANC2,,,,
,TCF4,,,,
,CERS4,,,,
,AL513166.1,,,,
,ZNF362,,,,
,TXNDC12,,,,
,TCTEX1D1,,,,
,WDR78,,,,
,ADGRL4,,,,
,NBPF11,,,,
,LINC02803,,,,
,AC119673.2,,,,
,RLF,,,,
,SLC12A5,,,,
,ANKRD36,,,,
,ANKRD36B,,,,
,SPATS2L,,,,
,AC011997.1,,,,
,RNF123,,,,
,NEK4,,,,
,NXPE3,,,,
,MGLL,,,,
,BSN,,,,
,AC098829.1,,,,
,INPP4B,,,,
,DIMT1,,,,
,CTTNBP2,,,,
,ELFN1,,,,
,POR,,,,
,MIR124-2HG,,,,
,FAM120AOS,,,,
,FRMD3,,,,
,NCAM1,,,,
,COX6A1,,,,
,SCYL2,,,,
,YLPM1,,,,
,GSPT1,,,,
,PIK3C3,,,,
,RAB27B,,,,
,AL513166.1,,,,
,OSBPL9,,,,
,DENND1B,,,,
,STMN3,,,,
,MAPK8IP2,,,,
,REEP1,,,,
,ANKRD36,,,,
,SPATS2L,,,,
,DPYSL5,,,,
,SPAST,,,,
,PRKAR2A,,,,
,PCDH10,,,,
,CDH9,,,,
,KCNN2,,,,
,CXXC5,,,,
,ME1,,,,
,HTR1E,,,,
,VPS41,,,,
,PHF14,,,,
,NEBL,,,,
,INA,,,,
,SH3PXD2A,,,,
,NCAM1,,,,
,C11orf80,,,,
,LRFN5,,,,
,C15orf41,,,,
,MOSMO,,,,
,U91319.1,,,,
,RAB27B,,,,
,CELF4,,,,
,RPS28,,,,
,EPS15,,,,
,POGZ,,,,
,BRINP3,,,,
,SLC12A5,,,,
,BLCAP,,,,
,ANKRD36,,,,
,ANKRD36B,,,,
,TCAIM,,,,
,FAM193A,,,,
,DENND1A,,,,
,KNDC1,,,,
,PACS1,,,,
,MIR100HG,,,,
,RNF10,,,,
,PPP1R13B,,,,
,AP3B2,,,,
,NSF,,,,
,TANC2,,,,
,TCF4,,,,
,SGIP1,,,,
,AL513166.1,,,,
,PDE4B,,,,
,AL645568.1,,,,
,CRB1,,,,
,PTBP2,,,,
,DENND1B,,,,
,THRAP3,,,,
,RAB3B,,,,
,BRINP2,,,,
,RPS6KC1,,,,
,ANKRD36,,,,
,ANKRD36B,,,,
,HDAC4,,,,
,CCDC88A,,,,
,MAP4,,,,
,KCNMB2,,,,
,KCNMB2-AS1,,,,
,P4HTM,,,,
,ZNF718,,,,
,INPP4B,,,,
,PACRG,,,,
,GSTA4,,,,
,ARMC2,,,,
,SMURF1,,,,
,XKR6,,,,
,WNK2,,,,
,SORCS3,,,,
,VDAC2,,,,
,ZDHHC16,,,,
,C11orf49,,,,
,C1QTNF4,,,,
,MTCH2,,,,
,PC,,,,
,GRM5-AS1,,,,
,CSKMT,,,,
,SUDS3,,,,
,ZNF268,,,,
,PEBP1,,,,
,UHRF1BP1L,,,,
,IPO5,,,,
,TRAF3,,,,
,PPP1R13B,,,,
,NEK9,,,,
,CD276,,,,
,MBTPS1,,,,
,TANC2,,,,
,RAB27B,,,,
,ZCCHC2,,,,
,ADNP2,,,,
,ZNF536,,,,
,MTFR1L,,,,
,MANEAL,,,,
,NFYC,,,,
,TXNDC12,,,,
,MRPL37,,,,
,TCTEX1D1,,,,
,AL583808.1,,,,
,TRIM33,,,,
,LINC02803,,,,
,COP1,,,,
,AC119673.2,,,,
,COQ8A,,,,
,SLC12A5,,,,
,ZNF335,,,,
,RPN2,,,,
,ZNF638,,,,
,ANKRD36,,,,
,UBE2E3,,,,
,SPTBN1,,,,
,ZKSCAN7-AS1,,,,
,EXOSC7,,,,
,AMT,,,,
,MLF1,,,,
,QRICH1,,,,
,STIMATE,,,,
,ZNF721,,,,
,AC098829.1,,,,
,SCD5,,,,
,TSPAN5,,,,
,WWC2,,,,
,MEF2C-AS1,,,,
,SLC22A4,,,,
,ARHGAP26,,,,
,ASCC3,,,,
,SAMD5,,,,
,CUL9,,,,
,CDK14,,,,
,MTERF1,,,,
,AKAP9,,,,
,GPR22,,,,
,NAPEPLD,,,,
,MDFIC,,,,
,CYP7B1,,,,
,ZDHHC21,,,,
,FAM120AOS,,,,
,GOLGA1,,,,
,ZCCHC7,,,,
,PTCH1,,,,
,ARPC5L,,,,
,TNKS2,,,,
,PSD,,,,
,ARL3,,,,
,NT5C2,,,,
,C1QTNF4,,,,
,PPME1,,,,
,MADD,,,,
,MTCH2,,,,
,DPF2,,,,
,GRM5,,,,
,FTH1,,,,
,KSR2,,,,
,DLST,,,,
,AC015923.1,,,,
,THRA,,,,
,MAPRE2,,,,
,SGIP1,,,,
,AL513166.1,,,,
,SLC44A5,,,,
,LMO4,,,,
,TXNDC12,,,,
,TCTEX1D1,,,,
,WDR78,,,,
,COP1,,,,
,STMN1,,,,
,SYNDIG1,,,,
,SLC12A5,,,,
,ZNF638,,,,
,ANKRD36,,,,
,IFT172,,,,
,INSIG2,,,,
,TMA7,,,,
,SPCS1,,,,
,NISCH,,,,
,BSN,,,,
,AC098829.1,,,,
,AC105383.1,,,,
,KIF2A,,,,
,MEF2C-AS2,,,,
,ASCC3,,,,
,PDE7B,,,,
,DLGAP2,,,,
,CYP7B1,,,,
,FAM120AOS,,,,
,GOLGA1,,,,
,LRSAM1,,,,
,SORCS3,,,,
,WBP1L,,,,
,CNNM2,,,,
,LRFN5,,,,
,BAG5,,,,
,PPP1R13B,,,,
,AREL1,,,,
,MRTFB,,,,
,VPS53,,,,
,TCF4,,,,
,SEMA6B,,,,
,NEGR1,,,,
,AL513166.1,,,,
,MAN1A2,,,,
,RERE,,,,
,COP1,,,,
,DENND1B,,,,
,SLC12A5,,,,
,CHCHD10,,,,
,MIRLET7BHG,,,,
,ANKRD36,,,,
,DNAJC27,,,,
,TANK,,,,
,LMAN2L,,,,
,EIF4E3,,,,
,SENP7,,,,
,NXPE3,,,,
,AC092691.1,,,,
,RBM5,,,,
,DCP1A,,,,
,QRICH1,,,,
,ZNF718,,,,
,AC098829.1,,,,
,FSTL5,,,,
,RAPGEF2,,,,
,PPWD1,,,,
,HARS,,,,
,VDAC1,,,,
,ASCC3,,,,
,UBR2,,,,
,BRI3,,,,
,NRG1,,,,
,FAM120AOS,,,,
,SUSD1,,,,
,ADK,,,,
,ATRNL1,,,,
,INA,,,,
,LUZP2,,,,
,NCAM1,,,,
,GRM5,,,,
,PEBP1,,,,
,UGGT2,,,,
,NALCN,,,,
,MLH3,,,,
,SGIP1,,,,
,AL513166.1,,,,
,THRAP3,,,,
,ZNF638,,,,
,ANKRD36,,,,
,ANKRD36B,,,,
,RMND5A,,,,
,STARD7,,,,
,XRCC5,,,,
,ERC2,,,,
,SENP7,,,,
,AC098829.1,,,,
,CC2D2A,,,,
,AIG1,,,,
,MPP6,,,,
,PRKAR2B,,,,
,TNKS2,,,,
,OPTN,,,,
,GRM5,,,,
,KCNC2,,,,
,BTBD7,,,,
,U91319.1,,,,
,TANC2,,,,
,TCF4,,,,
,AC009899.1,,,,
,PHACTR4,,,,
,OSBPL9,,,,
,ANKRD36,,,,
,ANKRD36B,,,,
,CACNB4,,,,
,PRKAR2A,,,,
,WDR82,,,,
,CACNA1D,,,,
,ZFYVE28,,,,
,AC098829.1,,,,
,HIVEP2,,,,
,PCLO,,,,
,FREM1,,,,
,DENND1A,,,,
,ADK,,,,
,HNRNPH3,,,,
,INA,,,,
,PACS1,,,,
,ATP2A2,,,,
,PIBF1,,,,
,KLC1,,,,
,SGIP1,,,,
,NEGR1,,,,
,AL513166.1,,,,
,ANKRD36B,,,,
,LRP1B,,,,
,TCAIM,,,,
,NISCH,,,,
,AC092691.1,,,,
,ZMAT3,,,,
,FAM193A,,,,
,MARCH1,,,,
,SPARCL1,,,,
,ST8SIA4,,,,
,CHSY3,,,,
,ASCC3,,,,
,GALNT17,,,,
,EXT1,,,,
,SAMD12,,,,
,MSRA,,,,
,ZCCHC7,,,,
,ADK,,,,
,LRRTM3,,,,
,BORCS7,,,,
,HECTD2,,,,
,C11orf49,,,,
,C1QTNF4,,,,
,LTBP3,,,,
,MTCH2,,,,
,SERPING1,,,,
,CHORDC1,,,,
,ZNF605,,,,
,CAMKK2,,,,
,CHFR,,,,
,PPTC7,,,,
,AC053513.1,,,,
,SRSF9,,,,
,PCDH8,,,,
,ESR2,,,,
,BAG5,,,,
,FAM189A1,,,,
,STARD3,,,,
,MED24,,,,
,TCF4,,,,
,AL513166.1,,,,
,MAN1A2,,,,
,RIMS3,,,,
,COQ8A,,,,
,SLC12A5,,,,
,BLCAP,,,,
,FAM217B,,,,
,ZNF638,,,,
,RNF103,,,,
,ANKRD36,,,,
,WDPCP,,,,
,LMAN2L,,,,
,TCAIM,,,,
,AC092691.1,,,,
,SYN2,,,,
,RHOA,,,,
,AC098829.1,,,,
,SLC30A9,,,,
,AC111006.1,,,,
,TMEM165,,,,
,CDH18,,,,
,IPO11,,,,
,TMEM161B-AS1,,,,
,LINC00461,,,,
,NR2F1,,,,
,GALNT17,,,,
,SNX13,,,,
,CYP7B1,,,,
,PDP1,,,,
,ARPC5L,,,,
,NT5C2,,,,
,NCAM1,,,,
,PPFIBP1,,,,
,KLC1,,,,
,FAM189A1,,,,
,CHD9,,,,
,PIK3C3,,,,
,AC009899.1,,,,
,NEGR1,,,,
,AL513166.1,,,,
,COP1,,,,
,OSBPL9,,,,
,PTBP2,,,,
,SLC12A5,,,,
,CTNNBL1,,,,
,SPTBN1,,,,
,IP6K2,,,,
,QRICH1,,,,
,AC098829.1,,,,
,CC2D2A,,,,
,PPP2R2B,,,,
,TMEM161B-AS1,,,,
,TCERG1,,,,
,LINC00461,,,,
,SAMD5,,,,
,MSRA,,,,
,ZDHHC21,,,,
,SCAI,,,,
,SORCS3,,,,
,C11orf49,,,,
,NUP160,,,,
,GRM5,,,,
,ANAPC5,,,,
,PEBP1,,,,
,CKB,,,,
,AL513166.1,,,,
,MAN1A2,,,,
,THRAP3,,,,
,RLF,,,,
,SLC12A5,,,,
,ANKRD36,,,,
,AC073050.1,,,,
,PANTR1,,,,
,WDSUB1,,,,
,EEFSEC,,,,
,IP6K2,,,,
,P4HTM,,,,
,USP4,,,,
,QRICH1,,,,
,AC098829.1,,,,
,TSPAN5,,,,
,TAB2,,,,
,PRKAR2B,,,,
,KAT6B,,,,
,GRM5,,,,
,ANO4,,,,
,CKB,,,,
,DCC,,,,
,TCF4,,,,
,AL513166.1,,,,
,LMO4,,,,
,COP1,,,,
,PROX1-AS1,,,,
,ZFYVE9,,,,
,SLC12A5,,,,
,ANKRD36,,,,
,PLCL1,,,,
,TANK,,,,
,PTPRG,,,,
,IQCJ-SCHIP1,,,,
,CAMKV,,,,
,MAP3K13,,,,
,SCD5,,,,
,CREBRF,,,,
,LINC00461,,,,
,ASCC3,,,,
,EPB41L2,,,,
,PCLO,,,,
,CSMD3,,,,
,SLC2A13,,,,
,STAB1,,,,
,BMP2K,,,,
,SNCA,,,,
,BTBD9,,,,
,NT5C2,,,,
,RBM6,,,,
,CELF1,,,,
,ATP2A2,,,,
,MARK3,,,,
,RTTN,,,,
,NUCKS1,,,,
,HERC4,,,,
,TANC2,,,,
,PDE4B,,,,
,NRDC,,,,
,PTPRJ,,,,
,PEBP1,,,,
,MARK3,,,,
,PRKCA,,,,
,FER,,,,
,MEF2C-AS1,,,,
,STRBP,,,,
,MARK3,,,,
,TCF4,,,,
,SNCA,,,,
,GALNT10,,,,
,LY86,,,,
,ELMO1,,,,
,ZDHHC21,,,,
,TCF4,,,,
,NT5C2,,,,
,MARK3,,,,
,PDE4B,,,,
,FNIP2,,,,
,TMEM123,,,,
,NCAM1,,,,
,SGIP1,,,,
,NEGR1,,,,
,NRDC,,,,
,ASB3,,,,
,VRK2,,,,
,ANKRD36,,,,
,NXPE3,,,,
,DENND1A,,,,
,PHLDB1,,,,
,MTCH2,,,,
,FOLH1,,,,
,DPF2,,,,
,SLC36A4,,,,
,PRH1,,,,
,C12orf76,,,,
,ANKRD13A,,,,
,ARHGEF7,,,,
,TM9SF2,,,,
,YLPM1,,,,
,ZFYVE21,,,,
,NEGR1,,,,
,AL513166.1,,,,
,COP1,,,,
,TXNDC12,,,,
,VRK2,,,,
,ANKRD36,,,,
,RMND5A,,,,
,STARD7,,,,
,AC011997.2,,,,
,TCAIM,,,,
,NEK4,,,,
,UBA3,,,,
,SNCA,,,,
,SELENOP,,,,
,SRP19,,,,
,PPIA,,,,
,POR,,,,
,CTTNBP2,,,,
,OTUD6B,,,,
,FAM120AOS,,,,
,DENND1A,,,,
,MORN4,,,,
,NT5C2,,,,
,SAAL1,,,,
,FADS1,,,,
,TTC12,,,,
,GLTP,,,,
,ATP2A2,,,,
,ARPC3,,,,
,ARHGEF7,,,,
,HS6ST3,,,,
,YLPM1,,,,
,CDC42BPB,,,,
,CKB,,,,
,BAG5,,,,
,ZFYVE21,,,,
,TCF4-AS1,,,,
,SLC27A5,,,,
,NEGR1,,,,
,AL513166.1,,,,
,ATF6,,,,
,COP1,,,,
,PAPPA2,,,,
,TPD52L2,,,,
,VRK2,,,,
,ANKRD36,,,,
,LINC01122,,,,
,AC009501.3,,,,
,ANKRD36B,,,,
,PANTR1,,,,
,TANK,,,,
,THUMPD3-AS1,,,,
,RBM6,,,,
,CGGBP1,,,,
,ZBTB11,,,,
,RSRC1,,,,
,NCKIPSD,,,,
,USP19,,,,
,TMEM161B-AS1,,,,
,AC106818.2,,,,
,SSR1,,,,
,GRIK2,,,,
,GTF2IRD2,,,,
,CTTNBP2,,,,
,ERI1,,,,
,ZFHX4-AS1,,,,
,FAM120AOS,,,,
,DENND1A,,,,
,NCAM1,,,,
,ARHGEF7,,,,
,CKB,,,,
,RAB11A,,,,
,EVI5,,,,
,DPYD,,,,
,NRDC,,,,
,VRK2,,,,
,MAP4,,,,
,UGT8,,,,
,CDC42SE2,,,,
,KDM2A,,,,
,MEIS2,,,,
,SGIP1,,,,
,VRK2,,,,
,ANKRD36,,,,
,SRGAP3,,,,
,NXPE3,,,,
,MBNL1,,,,
,PJA2,,,,
,LINC01445,,,,
,CYP7B1,,,,
,OPTN,,,,
,MTCH2,,,,
,FADS1,,,,
,LTBP3,,,,
,PRH1,,,,
,FAM222A,,,,
,SPPL3,,,,
,YLPM1,,,,
,CDC42BPB,,,,
,CKB,,,,
,TMOD2,,,,
,RPS17,,,,
,NEGR1,,,,
,COP1,,,,
,VRK2,,,,
,ANKRD36,,,,
,SRGAP3,,,,
,THUMPD3-AS1,,,,
,ZBTB11,,,,
,NFKBIZ,,,,
,ALCAM,,,,
,AC026341.1,,,,
,SERP1,,,,
,RSRC1,,,,
,GNAI2,,,,
,AC098829.1,,,,
,CDH18,,,,
,ZNF131,,,,
,PPWD1,,,,
,CYSTM1,,,,
,CTTNBP2,,,,
,CASTOR2,,,,
,PSMB7,,,,
,GARNL3,,,,
,CTNNA3,,,,
,PTPRJ,,,,
,MYRF,,,,
,ARHGEF7,,,,
,MARK3,,,,
,TECPR2,,,,
,CKB,,,,
,AC087564.1,,,,
,NEGR1,,,,
,TRPC4AP,,,,
,ANKRD36,,,,
,ANKRD36C,,,,
,TLE4,,,,
,ASTN2,,,,
,MVB12B,,,,
,PDXDC1,,,,
,NEGR1,,,,
,AL513166.1,,,,
,ANKRD36,,,,
,ERBB4,,,,
,PLCL1,,,,
,PBRM1,,,,
,SENP7,,,,
,TMEM161B-AS1,,,,
,MEF2C,,,,
,CSMD3,,,,
,NEGR1,,,,
,AL513166.1,,,,
,AL139147.1,,,,
,ERBB4,,,,
,AC098829.1,,,,
,TMEM161B-AS1,,,,
,CYSTM1,,,,
,CSMD3,,,,
,FAM120AOS,,,,
