protein,ligand,interaction_type,residue,restype,chain,residue_id
PDE4B_catalytic,107,hydrophobic_interactions,618,PHE,A,PHE618A
PDE4B_catalytic,107,hydrophobic_interactions,618,PHE,A,PHE618A
PDE4B_catalytic,107,hydrophobic_interactions,622,ILE,A,ILE622A
PDE4B_catalytic,107,hydrophobic_interactions,623,VAL,A,VAL623A
PDE4B_catalytic,107,hydrogen_bonds,567,ASN,A,ASN567A
PDE4B_catalytic,107,hydrogen_bonds,575,TYR,A,TYR575A
PDE4B_catalytic,107,hydrogen_bonds,615,GLN,A,GLN615A
PDE4B_catalytic,107,pi_stacks,618,PHE,A,PHE618A
PDE4B_catalytic,NO17,hydrophobic_interactions,405,TYR,A,TYR405A
PDE4B_catalytic,NO17,hydrophobic_interactions,618,PHE,A,PHE618A
PDE4B_catalytic,NO17,hydrophobic_interactions,618,PHE,A,PHE618A
PDE4B_catalytic,NO17,hydrophobic_interactions,623,VAL,A,VAL623A
PDE4B_catalytic,NO17,hydrogen_bonds,405,TYR,A,TYR405A
PDE4B_catalytic,NO17,hydrogen_bonds,567,ASN,A,ASN567A
PDE4B_catalytic,NO17,hydrogen_bonds,575,TYR,A,TYR575A
PDE4B_catalytic,NO17,hydrogen_bonds,615,GLN,A,GLN615A
PDE4B_catalytic,NO17,pi_stacks,618,PHE,A,PHE618A
PDE4B_monomer,10559720,hydrophobic_interactions,405,TYR,A,TYR405A
PDE4B_monomer,10559720,hydrophobic_interactions,582,ILE,A,ILE582A
PDE4B_monomer,10559720,hydrophobic_interactions,582,ILE,A,ILE582A
PDE4B_monomer,10559720,hydrophobic_interactions,585,GLU,A,GLU585A
PDE4B_monomer,10559720,hydrophobic_interactions,586,PHE,A,PHE586A
PDE4B_monomer,10559720,hydrophobic_interactions,586,PHE,A,PHE586A
PDE4B_monomer,10559720,hydrophobic_interactions,618,PHE,A,PHE618A
PDE4B_monomer,10559720,salt_bridges,296,ARG,A,ARG296A
PDE4B_monomer,10559720,salt_bridges,298,LYS,A,LYS298A
PDE4B_monomer,49831816,hydrophobic_interactions,582,ILE,A,ILE582A
PDE4B_monomer,49831816,hydrophobic_interactions,618,PHE,A,PHE618A
PDE4B_monomer,49831816,hydrophobic_interactions,618,PHE,A,PHE618A
PDE4B_monomer,49831816,hydrogen_bonds,296,ARG,A,ARG296A
PDE4B_monomer,49831816,hydrogen_bonds,296,ARG,A,ARG296A
PDE4B_monomer,49831816,hydrogen_bonds,405,TYR,A,TYR405A
PDE4B_monomer,49831816,hydrogen_bonds,579,THR,A,THR579A
PDE4B_monomer,49831816,hydrogen_bonds,579,THR,A,THR579A
PDE4B_catalytic,49831816,hydrophobic_interactions,565,LEU,A,LEU565A
PDE4B_catalytic,49831816,hydrophobic_interactions,565,LEU,A,LEU565A
PDE4B_catalytic,49831816,hydrophobic_interactions,567,ASN,A,ASN567A
PDE4B_catalytic,49831816,hydrophobic_interactions,618,PHE,A,PHE618A
PDE4B_catalytic,49831816,hydrogen_bonds,564,ASP,A,ASP564A
PDE4B_catalytic,49831816,hydrogen_bonds,567,ASN,A,ASN567A
PDE4B_catalytic,49831816,hydrogen_bonds,575,TYR,A,TYR575A
PDE4B_catalytic,49831816,hydrogen_bonds,575,TYR,A,TYR575A
PDE4B_catalytic,49831816,hydrogen_bonds,615,GLN,A,GLN615A
PDE4B_catalytic,49831816,hydrogen_bonds,615,GLN,A,GLN615A
PDE4B_catalytic,49831816,salt_bridges,410,HIS,A,HIS410A
PDE4B_dimer,ROLIPRAM,hydrophobic_interactions,258,LEU,A,LEU258A
PDE4B_dimer,ROLIPRAM,hydrophobic_interactions,286,VAL,A,VAL286A
PDE4B_dimer,ROLIPRAM,hydrophobic_interactions,286,VAL,A,VAL286A
PDE4B_dimer,ROLIPRAM,hydrogen_bonds,255,ASN,A,ASN255A
PDE4B_dimer,ROLIPRAM,hydrogen_bonds,273,GLU,A,GLU273A
PDE4B_dimer,ROLIPRAM,hydrogen_bonds,276,SER,A,SER276A
PDE4B_monomer,NO7,hydrophobic_interactions,618,PHE,A,PHE618A
PDE4B_monomer,NO7,hydrophobic_interactions,618,PHE,A,PHE618A
PDE4B_monomer,NO7,hydrogen_bonds,296,ARG,A,ARG296A
PDE4B_monomer,NO7,hydrogen_bonds,296,ARG,A,ARG296A
PDE4B_monomer,NO7,hydrogen_bonds,585,GLU,A,GLU585A
PDE4B_monomer,NO7,hydrogen_bonds,614,SER,A,SER614A
PDE4B_monomer,NO7,pi_stacks,618,PHE,A,PHE618A
PDE4B_catalytic,ROFLUMILAST,hydrophobic_interactions,567,ASN,A,ASN567A
PDE4B_catalytic,ROFLUMILAST,hydrophobic_interactions,575,TYR,A,TYR575A
PDE4B_catalytic,ROFLUMILAST,hydrophobic_interactions,582,ILE,A,ILE582A
PDE4B_catalytic,ROFLUMILAST,hydrogen_bonds,406,HIS,A,HIS406A
PDE4B_catalytic,ROFLUMILAST,hydrogen_bonds,450,HIS,A,HIS450A
PDE4B_catalytic,ROFLUMILAST,pi_cation_interactions,406,HIS,A,HIS406A
PDE4B_catalytic,ROFLUMILAST,halogen_bonds,564,ASP,A,ASP564A
PDE4D_catalytic,NO13,hydrophobic_interactions,405,TYR,A,TYR405A
PDE4D_catalytic,NO13,hydrophobic_interactions,405,TYR,A,TYR405A
PDE4D_catalytic,NO13,hydrophobic_interactions,565,LEU,A,LEU565A
PDE4D_catalytic,NO13,hydrophobic_interactions,582,ILE,A,ILE582A
PDE4D_catalytic,NO13,hydrophobic_interactions,618,PHE,A,PHE618A
PDE4D_catalytic,NO13,hydrophobic_interactions,618,PHE,A,PHE618A
PDE4D_catalytic,NO13,hydrogen_bonds,405,TYR,A,TYR405A
PDE4D_catalytic,NO13,hydrogen_bonds,406,HIS,A,HIS406A
PDE4D_catalytic,NO13,hydrogen_bonds,564,ASP,A,ASP564A
PDE4D_catalytic,NO13,hydrogen_bonds,578,TRP,A,TRP578A
PDE4D_catalytic,NO13,hydrogen_bonds,615,GLN,A,GLN615A
PDE4B_dimer,NO17,hydrophobic_interactions,273,GLU,A,GLU273A
PDE4B_dimer,NO17,hydrophobic_interactions,286,VAL,A,VAL286A
PDE4B_dimer,NO17,hydrophobic_interactions,286,VAL,A,VAL286A
PDE4B_dimer,NO17,hydrophobic_interactions,508,LYS,A,LYS508A
PDE4B_dimer,NO17,hydrophobic_interactions,511,ILE,A,ILE511A
PDE4B_dimer,NO17,hydrophobic_interactions,549,TYR,A,TYR549A
PDE4B_dimer,NO17,hydrogen_bonds,255,ASN,A,ASN255A
PDE4B_dimer,NO17,hydrogen_bonds,259,THR,A,THR259A
PDE4B_dimer,NO17,hydrogen_bonds,272,SER,A,SER272A
PDE4B_dimer,NO17,hydrogen_bonds,276,SER,A,SER276A
PDE4B_dimer,NO17,hydrogen_bonds,512,ASP,A,ASP512A
PDE4B_catalytic,10559720,hydrophobic_interactions,582,ILE,A,ILE582A
PDE4B_catalytic,10559720,hydrophobic_interactions,586,PHE,A,PHE586A
PDE4B_catalytic,10559720,hydrophobic_interactions,618,PHE,A,PHE618A
PDE4B_catalytic,10559720,hydrophobic_interactions,618,PHE,A,PHE618A
PDE4B_catalytic,10559720,hydrophobic_interactions,623,VAL,A,VAL623A
PDE4B_catalytic,10559720,hydrogen_bonds,564,ASP,A,ASP564A
PDE4B_catalytic,10559720,hydrogen_bonds,567,ASN,A,ASN567A
PDE4B_catalytic,10559720,hydrogen_bonds,575,TYR,A,TYR575A
PDE4B_catalytic,10559720,hydrogen_bonds,575,TYR,A,TYR575A
PDE4B_catalytic,10559720,salt_bridges,410,HIS,A,HIS410A
PDE4B_catalytic,10559720,pi_stacks,618,PHE,A,PHE618A
PDE4B_monomer,348154,hydrophobic_interactions,582,ILE,A,ILE582A
PDE4B_monomer,348154,hydrophobic_interactions,582,ILE,A,ILE582A
PDE4B_monomer,348154,hydrophobic_interactions,618,PHE,A,PHE618A
PDE4B_monomer,348154,hydrophobic_interactions,618,PHE,A,PHE618A
PDE4B_monomer,348154,hydrophobic_interactions,618,PHE,A,PHE618A
PDE4B_monomer,348154,hydrophobic_interactions,618,PHE,A,PHE618A
PDE4B_monomer,348154,hydrogen_bonds,567,ASN,A,ASN567A
PDE4B_monomer,348154,salt_bridges,296,ARG,A,ARG296A
PDE4B_catalytic,6047,hydrophobic_interactions,565,LEU,A,LEU565A
PDE4B_catalytic,6047,hydrophobic_interactions,568,PRO,A,PRO568A
PDE4B_catalytic,6047,hydrophobic_interactions,582,ILE,A,ILE582A
PDE4B_catalytic,6047,hydrophobic_interactions,623,VAL,A,VAL623A
PDE4B_catalytic,6047,hydrogen_bonds,564,ASP,A,ASP564A
PDE4B_catalytic,6047,hydrogen_bonds,575,TYR,A,TYR575A
PDE4B_catalytic,6047,hydrogen_bonds,615,GLN,A,GLN615A
PDE4B_catalytic,6047,hydrogen_bonds,615,GLN,A,GLN615A
PDE4B_catalytic,6047,salt_bridges,406,HIS,A,HIS406A
PDE4B_catalytic,6047,salt_bridges,410,HIS,A,HIS410A
PDE4B_dimer,104775,hydrophobic_interactions,250,PHE,A,PHE250A
PDE4B_dimer,104775,hydrophobic_interactions,251,LYS,B,LYS251B
PDE4B_dimer,104775,hydrophobic_interactions,254,LEU,B,LEU254B
PDE4B_dimer,104775,hydrogen_bonds,282,LYS,B,LYS282B
PDE4B_dimer,104775,hydrogen_bonds,283,GLN,B,GLN283B
PDE4B_dimer,104775,hydrogen_bonds,285,ASP,B,ASP285B
PDE4D_catalytic,348154,hydrophobic_interactions,405,TYR,A,TYR405A
PDE4D_catalytic,348154,hydrophobic_interactions,565,LEU,A,LEU565A
PDE4D_catalytic,348154,hydrophobic_interactions,582,ILE,A,ILE582A
PDE4D_catalytic,348154,hydrophobic_interactions,582,ILE,A,ILE582A
PDE4D_catalytic,348154,hydrophobic_interactions,618,PHE,A,PHE618A
PDE4D_catalytic,348154,hydrophobic_interactions,618,PHE,A,PHE618A
PDE4D_catalytic,348154,hydrogen_bonds,406,HIS,A,HIS406A
PDE4D_catalytic,348154,hydrogen_bonds,564,ASP,A,ASP564A
PDE4D_catalytic,348154,hydrogen_bonds,578,TRP,A,TRP578A
PDE4D_catalytic,348154,hydrogen_bonds,615,GLN,A,GLN615A
PDE4D_catalytic,348154,pi_stacks,405,TYR,A,TYR405A
PDE4B_dimer,ROFLUMILAST,hydrophobic_interactions,258,LEU,A,LEU258A
PDE4B_dimer,ROFLUMILAST,hydrophobic_interactions,508,LYS,A,LYS508A
PDE4B_dimer,ROFLUMILAST,hydrophobic_interactions,549,TYR,A,TYR549A
PDE4B_dimer,ROFLUMILAST,hydrogen_bonds,255,ASN,A,ASN255A
PDE4B_dimer,ROFLUMILAST,hydrogen_bonds,259,THR,A,THR259A
PDE4B_dimer,ROFLUMILAST,hydrogen_bonds,276,SER,A,SER276A
PDE4B_dimer,ROFLUMILAST,halogen_bonds,281,ASP,B,ASP281B
PDE4D_catalytic,NO12,hydrophobic_interactions,405,TYR,A,TYR405A
PDE4D_catalytic,NO12,hydrophobic_interactions,405,TYR,A,TYR405A
PDE4D_catalytic,NO12,hydrophobic_interactions,565,LEU,A,LEU565A
PDE4D_catalytic,NO12,hydrophobic_interactions,582,ILE,A,ILE582A
PDE4D_catalytic,NO12,hydrophobic_interactions,582,ILE,A,ILE582A
PDE4D_catalytic,NO12,hydrophobic_interactions,618,PHE,A,PHE618A
PDE4D_catalytic,NO12,hydrophobic_interactions,618,PHE,A,PHE618A
PDE4D_catalytic,NO12,hydrogen_bonds,405,TYR,A,TYR405A
PDE4D_catalytic,NO12,hydrogen_bonds,405,TYR,A,TYR405A
PDE4D_catalytic,NO12,hydrogen_bonds,406,HIS,A,HIS406A
PDE4D_catalytic,NO12,hydrogen_bonds,447,ASP,A,ASP447A
PDE4D_catalytic,NO12,hydrogen_bonds,564,ASP,A,ASP564A
PDE4D_catalytic,NO12,hydrogen_bonds,578,TRP,A,TRP578A
PDE4D_catalytic,NO12,hydrogen_bonds,615,GLN,A,GLN615A
PDE4D_catalytic,NO7,hydrophobic_interactions,405,TYR,A,TYR405A
PDE4D_catalytic,NO7,hydrophobic_interactions,582,ILE,A,ILE582A
PDE4D_catalytic,NO7,hydrophobic_interactions,582,ILE,A,ILE582A
PDE4D_catalytic,NO7,hydrophobic_interactions,618,PHE,A,PHE618A
PDE4D_catalytic,NO7,hydrogen_bonds,406,HIS,A,HIS406A
PDE4D_catalytic,NO7,hydrogen_bonds,517,THR,A,THR517A
PDE4D_catalytic,NO7,hydrogen_bonds,564,ASP,A,ASP564A
PDE4D_catalytic,NO7,hydrogen_bonds,564,ASP,A,ASP564A
PDE4D_catalytic,NO7,hydrogen_bonds,615,GLN,A,GLN615A
PDE4D_catalytic,49831816,hydrophobic_interactions,405,TYR,A,TYR405A
PDE4D_catalytic,49831816,hydrophobic_interactions,405,TYR,A,TYR405A
PDE4D_catalytic,49831816,hydrophobic_interactions,565,LEU,A,LEU565A
PDE4D_catalytic,49831816,hydrophobic_interactions,582,ILE,A,ILE582A
PDE4D_catalytic,49831816,hydrophobic_interactions,618,PHE,A,PHE618A
PDE4D_catalytic,49831816,hydrophobic_interactions,618,PHE,A,PHE618A
PDE4D_catalytic,49831816,hydrogen_bonds,405,TYR,A,TYR405A
PDE4D_catalytic,49831816,hydrogen_bonds,406,HIS,A,HIS406A
PDE4D_catalytic,49831816,hydrogen_bonds,578,TRP,A,TRP578A
PDE4D_catalytic,49831816,hydrogen_bonds,615,GLN,A,GLN615A
PDE4B_dimer,NO7,hydrophobic_interactions,278,THR,B,THR278B
PDE4B_dimer,NO7,hydrophobic_interactions,286,VAL,A,VAL286A
PDE4B_dimer,NO7,hydrophobic_interactions,511,ILE,A,ILE511A
PDE4B_dimer,NO7,hydrogen_bonds,255,ASN,A,ASN255A
PDE4B_dimer,NO7,hydrogen_bonds,259,THR,A,THR259A
PDE4B_dimer,NO7,hydrogen_bonds,262,SER,A,SER262A
PDE4B_dimer,NO7,hydrogen_bonds,272,SER,A,SER272A
PDE4B_dimer,NO7,hydrogen_bonds,273,GLU,A,GLU273A
PDE4B_dimer,NO7,hydrogen_bonds,276,SER,A,SER276A
PDE4B_dimer,NO7,hydrogen_bonds,276,SER,A,SER276A
PDE4B_dimer,NO7,hydrogen_bonds,507,ARG,A,ARG507A
PDE4B_dimer,NO7,hydrogen_bonds,507,ARG,A,ARG507A
PDE4B_catalytic,NO13,hydrophobic_interactions,567,ASN,A,ASN567A
PDE4B_catalytic,NO13,hydrophobic_interactions,586,PHE,A,PHE586A
PDE4B_catalytic,NO13,hydrophobic_interactions,618,PHE,A,PHE618A
PDE4B_catalytic,NO13,hydrophobic_interactions,623,VAL,A,VAL623A
PDE4B_catalytic,NO13,hydrogen_bonds,567,ASN,A,ASN567A
PDE4B_catalytic,NO13,hydrogen_bonds,575,TYR,A,TYR575A
PDE4B_catalytic,NO13,hydrogen_bonds,615,GLN,A,GLN615A
PDE4B_catalytic,NO13,pi_stacks,618,PHE,A,PHE618A
PDE4B_monomer,NO17,hydrophobic_interactions,618,PHE,A,PHE618A
PDE4B_monomer,NO17,hydrophobic_interactions,618,PHE,A,PHE618A
PDE4B_monomer,NO17,hydrophobic_interactions,618,PHE,A,PHE618A
PDE4B_monomer,NO17,hydrophobic_interactions,618,PHE,A,PHE618A
PDE4B_monomer,NO17,hydrogen_bonds,296,ARG,A,ARG296A
PDE4B_monomer,NO17,hydrogen_bonds,296,ARG,A,ARG296A
PDE4B_monomer,NO17,hydrogen_bonds,585,GLU,A,GLU585A
PDE4B_monomer,NO17,hydrogen_bonds,585,GLU,A,GLU585A
PDE4B_monomer,NO17,hydrogen_bonds,614,SER,A,SER614A
PDE4B_monomer,NO17,salt_bridges,296,ARG,A,ARG296A
PDE4B_monomer,NO17,salt_bridges,298,LYS,A,LYS298A
PDE4B_dimer,107,hydrophobic_interactions,286,VAL,A,VAL286A
PDE4B_dimer,107,hydrophobic_interactions,286,VAL,A,VAL286A
PDE4B_dimer,107,hydrophobic_interactions,508,LYS,A,LYS508A
PDE4B_dimer,107,hydrophobic_interactions,508,LYS,A,LYS508A
PDE4B_dimer,107,hydrophobic_interactions,511,ILE,A,ILE511A
PDE4B_dimer,107,hydrophobic_interactions,511,ILE,A,ILE511A
PDE4B_dimer,107,hydrogen_bonds,276,SER,A,SER276A
PDE4D_catalytic,ROFLUMILAST,hydrophobic_interactions,405,TYR,A,TYR405A
PDE4D_catalytic,ROFLUMILAST,hydrophobic_interactions,618,PHE,A,PHE618A
PDE4D_catalytic,ROFLUMILAST,hydrophobic_interactions,618,PHE,A,PHE618A
PDE4D_catalytic,ROFLUMILAST,hydrogen_bonds,615,GLN,A,GLN615A
PDE4D_catalytic,ROFLUMILAST,pi_stacks,406,HIS,A,HIS406A
PDE4D_catalytic,ROFLUMILAST,pi_stacks,618,PHE,A,PHE618A
PDE4D_catalytic,ROFLUMILAST,halogen_bonds,575,TYR,A,TYR575A
PDE4D_catalytic,ROFLUMILAST,halogen_bonds,579,THR,A,THR579A
PDE4B_catalytic,348154,hydrophobic_interactions,565,LEU,A,LEU565A
PDE4B_catalytic,348154,hydrophobic_interactions,565,LEU,A,LEU565A
PDE4B_catalytic,348154,hydrophobic_interactions,623,VAL,A,VAL623A
PDE4B_catalytic,348154,hydrogen_bonds,410,HIS,A,HIS410A
PDE4B_catalytic,348154,hydrogen_bonds,564,ASP,A,ASP564A
PDE4B_catalytic,348154,hydrogen_bonds,564,ASP,A,ASP564A
PDE4B_catalytic,348154,hydrogen_bonds,567,ASN,A,ASN567A
PDE4B_catalytic,348154,hydrogen_bonds,615,GLN,A,GLN615A
PDE4B_catalytic,104775,hydrophobic_interactions,618,PHE,A,PHE618A
PDE4B_catalytic,104775,hydrophobic_interactions,618,PHE,A,PHE618A
PDE4B_catalytic,104775,hydrophobic_interactions,622,ILE,A,ILE622A
PDE4B_catalytic,104775,hydrogen_bonds,567,ASN,A,ASN567A
PDE4B_catalytic,104775,hydrogen_bonds,615,GLN,A,GLN615A
PDE4B_monomer,6047,hydrophobic_interactions,582,ILE,A,ILE582A
PDE4B_monomer,6047,hydrophobic_interactions,618,PHE,A,PHE618A
PDE4B_monomer,6047,hydrophobic_interactions,618,PHE,A,PHE618A
PDE4B_monomer,6047,hydrogen_bonds,564,ASP,A,ASP564A
PDE4B_monomer,6047,hydrogen_bonds,567,ASN,A,ASN567A
PDE4B_monomer,6047,hydrogen_bonds,614,SER,A,SER614A
PDE4B_monomer,6047,salt_bridges,296,ARG,A,ARG296A
PDE4B_monomer,6047,pi_stacks,618,PHE,A,PHE618A
PDE4B_dimer,49831816,hydrophobic_interactions,286,VAL,A,VAL286A
PDE4B_dimer,49831816,hydrophobic_interactions,508,LYS,A,LYS508A
PDE4B_dimer,49831816,hydrogen_bonds,255,ASN,A,ASN255A
PDE4B_dimer,49831816,hydrogen_bonds,272,SER,A,SER272A
PDE4B_dimer,49831816,hydrogen_bonds,273,GLU,A,GLU273A
PDE4B_dimer,49831816,hydrogen_bonds,273,GLU,A,GLU273A
PDE4B_dimer,49831816,hydrogen_bonds,276,SER,A,SER276A
PDE4B_dimer,49831816,hydrogen_bonds,507,ARG,A,ARG507A
PDE4B_dimer,49831816,hydrogen_bonds,507,ARG,A,ARG507A
PDE4B_dimer,49831816,hydrogen_bonds,512,ASP,A,ASP512A
PDE4B_monomer,107,hydrophobic_interactions,582,ILE,A,ILE582A
PDE4B_monomer,107,hydrophobic_interactions,582,ILE,A,ILE582A
PDE4B_monomer,107,hydrophobic_interactions,618,PHE,A,PHE618A
PDE4B_monomer,107,hydrophobic_interactions,618,PHE,A,PHE618A
PDE4B_monomer,107,hydrophobic_interactions,618,PHE,A,PHE618A
PDE4B_monomer,107,hydrophobic_interactions,618,PHE,A,PHE618A
PDE4B_monomer,107,hydrogen_bonds,567,ASN,A,ASN567A
PDE4B_monomer,107,salt_bridges,296,ARG,A,ARG296A
PDE4B_catalytic,NO7,hydrophobic_interactions,565,LEU,A,LEU565A
PDE4B_catalytic,NO7,hydrophobic_interactions,567,ASN,A,ASN567A
PDE4B_catalytic,NO7,hydrophobic_interactions,618,PHE,A,PHE618A
PDE4B_catalytic,NO7,hydrophobic_interactions,618,PHE,A,PHE618A
PDE4B_catalytic,NO7,hydrophobic_interactions,622,ILE,A,ILE622A
PDE4B_catalytic,NO7,hydrogen_bonds,410,HIS,A,HIS410A
PDE4B_catalytic,NO7,hydrogen_bonds,564,ASP,A,ASP564A
PDE4B_catalytic,NO7,hydrogen_bonds,567,ASN,A,ASN567A
PDE4B_catalytic,NO7,hydrogen_bonds,575,TYR,A,TYR575A
PDE4B_catalytic,NO7,hydrogen_bonds,615,GLN,A,GLN615A
PDE4B_catalytic,NO7,hydrogen_bonds,615,GLN,A,GLN615A
PDE4B_monomer,NO13,hydrophobic_interactions,582,ILE,A,ILE582A
PDE4B_monomer,NO13,hydrophobic_interactions,618,PHE,A,PHE618A
PDE4B_monomer,NO13,hydrophobic_interactions,618,PHE,A,PHE618A
PDE4B_monomer,NO13,hydrogen_bonds,296,ARG,A,ARG296A
PDE4B_monomer,NO13,hydrogen_bonds,296,ARG,A,ARG296A
PDE4B_monomer,NO13,hydrogen_bonds,585,GLU,A,GLU585A
PDE4B_monomer,NO13,hydrogen_bonds,585,GLU,A,GLU585A
PDE4B_monomer,NO13,hydrogen_bonds,614,SER,A,SER614A
PDE4B_monomer,NO13,salt_bridges,296,ARG,A,ARG296A
PDE4B_monomer,NO13,salt_bridges,298,LYS,A,LYS298A
PDE4B_monomer,NO13,pi_stacks,618,PHE,A,PHE618A
PDE4B_dimer,6047,hydrophobic_interactions,508,LYS,A,LYS508A
PDE4B_dimer,6047,hydrogen_bonds,272,SER,A,SER272A
PDE4B_dimer,6047,hydrogen_bonds,273,GLU,A,GLU273A
PDE4B_dimer,6047,hydrogen_bonds,276,SER,A,SER276A
PDE4B_dimer,6047,hydrogen_bonds,276,SER,A,SER276A
PDE4B_dimer,6047,hydrogen_bonds,508,LYS,A,LYS508A
PDE4B_dimer,6047,hydrogen_bonds,512,ASP,A,ASP512A
PDE4B_dimer,6047,hydrogen_bonds,549,TYR,A,TYR549A
PDE4B_dimer,6047,salt_bridges,507,ARG,A,ARG507A
PDE4D_catalytic,NO17,hydrophobic_interactions,405,TYR,A,TYR405A
PDE4D_catalytic,NO17,hydrophobic_interactions,565,LEU,A,LEU565A
PDE4D_catalytic,NO17,hydrophobic_interactions,582,ILE,A,ILE582A
PDE4D_catalytic,NO17,hydrophobic_interactions,582,ILE,A,ILE582A
PDE4D_catalytic,NO17,hydrophobic_interactions,618,PHE,A,PHE618A
PDE4D_catalytic,NO17,hydrogen_bonds,406,HIS,A,HIS406A
PDE4D_catalytic,NO17,hydrogen_bonds,447,ASP,A,ASP447A
PDE4D_catalytic,NO17,hydrogen_bonds,578,TRP,A,TRP578A
PDE4D_catalytic,10559720,hydrophobic_interactions,405,TYR,A,TYR405A
PDE4D_catalytic,10559720,hydrophobic_interactions,582,ILE,A,ILE582A
PDE4D_catalytic,10559720,hydrophobic_interactions,582,ILE,A,ILE582A
PDE4D_catalytic,10559720,hydrophobic_interactions,618,PHE,A,PHE618A
PDE4D_catalytic,10559720,hydrophobic_interactions,618,PHE,A,PHE618A
PDE4D_catalytic,10559720,hydrophobic_interactions,618,PHE,A,PHE618A
PDE4D_catalytic,10559720,hydrogen_bonds,578,TRP,A,TRP578A
PDE4D_catalytic,10559720,hydrogen_bonds,614,SER,A,SER614A
PDE4D_catalytic,10559720,hydrogen_bonds,615,GLN,A,GLN615A
PDE4D_catalytic,10559720,pi_stacks,618,PHE,A,PHE618A
PDE4B_dimer,10559720,hydrophobic_interactions,286,VAL,A,VAL286A
PDE4B_dimer,10559720,hydrophobic_interactions,508,LYS,A,LYS508A
PDE4B_dimer,10559720,hydrophobic_interactions,511,ILE,A,ILE511A
PDE4B_dimer,10559720,hydrogen_bonds,255,ASN,A,ASN255A
PDE4B_dimer,10559720,hydrogen_bonds,549,TYR,A,TYR549A
PDE4B_dimer,10559720,hydrogen_bonds,549,TYR,A,TYR549A
PDE4D_catalytic,104775,hydrophobic_interactions,405,TYR,A,TYR405A
PDE4D_catalytic,104775,hydrophobic_interactions,618,PHE,A,PHE618A
PDE4D_catalytic,104775,hydrogen_bonds,578,TRP,A,TRP578A
PDE4D_catalytic,104775,hydrogen_bonds,615,GLN,A,GLN615A
PDE4B_monomer,ROFLUMILAST,hydrophobic_interactions,582,ILE,A,ILE582A
PDE4B_monomer,ROFLUMILAST,hydrophobic_interactions,585,GLU,A,GLU585A
PDE4B_monomer,ROFLUMILAST,hydrophobic_interactions,586,PHE,A,PHE586A
PDE4B_monomer,ROFLUMILAST,hydrophobic_interactions,618,PHE,A,PHE618A
PDE4B_monomer,ROFLUMILAST,hydrophobic_interactions,618,PHE,A,PHE618A
PDE4B_monomer,ROFLUMILAST,hydrogen_bonds,296,ARG,A,ARG296A
PDE4B_monomer,ROFLUMILAST,hydrogen_bonds,296,ARG,A,ARG296A
PDE4B_monomer,ROFLUMILAST,hydrogen_bonds,405,TYR,A,TYR405A
PDE4B_monomer,ROFLUMILAST,pi_stacks,405,TYR,A,TYR405A
PDE4B_dimer,348154,hydrophobic_interactions,286,VAL,A,VAL286A
PDE4B_dimer,348154,hydrophobic_interactions,508,LYS,A,LYS508A
PDE4B_dimer,348154,hydrogen_bonds,276,SER,A,SER276A
PDE4B_dimer,348154,hydrogen_bonds,512,ASP,A,ASP512A
PDE4B_dimer,348154,hydrogen_bonds,549,TYR,A,TYR549A
PDE4B_monomer,ROLIPRAM,hydrophobic_interactions,405,TYR,A,TYR405A
PDE4B_monomer,ROLIPRAM,hydrophobic_interactions,405,TYR,A,TYR405A
PDE4B_monomer,ROLIPRAM,hydrophobic_interactions,582,ILE,A,ILE582A
PDE4B_monomer,ROLIPRAM,hydrophobic_interactions,582,ILE,A,ILE582A
PDE4B_monomer,ROLIPRAM,hydrophobic_interactions,585,GLU,A,GLU585A
PDE4B_monomer,ROLIPRAM,hydrophobic_interactions,586,PHE,A,PHE586A
PDE4B_monomer,ROLIPRAM,hydrophobic_interactions,618,PHE,A,PHE618A
PDE4B_monomer,ROLIPRAM,hydrophobic_interactions,618,PHE,A,PHE618A
PDE4B_monomer,ROLIPRAM,hydrogen_bonds,296,ARG,A,ARG296A
PDE4D_catalytic,107,hydrophobic_interactions,405,TYR,A,TYR405A
PDE4D_catalytic,107,hydrophobic_interactions,582,ILE,A,ILE582A
PDE4D_catalytic,107,hydrophobic_interactions,586,PHE,A,PHE586A
PDE4D_catalytic,107,hydrophobic_interactions,618,PHE,A,PHE618A
PDE4D_catalytic,107,hydrogen_bonds,578,TRP,A,TRP578A
PDE4D_catalytic,107,pi_stacks,618,PHE,A,PHE618A
PDE4B_dimer,NO13,hydrophobic_interactions,273,GLU,A,GLU273A
PDE4B_dimer,NO13,hydrophobic_interactions,286,VAL,A,VAL286A
PDE4B_dimer,NO13,hydrophobic_interactions,286,VAL,A,VAL286A
PDE4B_dimer,NO13,hydrophobic_interactions,549,TYR,A,TYR549A
PDE4B_dimer,NO13,hydrogen_bonds,255,ASN,A,ASN255A
PDE4B_dimer,NO13,hydrogen_bonds,276,SER,A,SER276A
PDE4B_dimer,NO13,hydrogen_bonds,277,ASN,B,ASN277B
PDE4B_dimer,NO13,hydrogen_bonds,512,ASP,A,ASP512A
PDE4B_dimer,NO13,hydrogen_bonds,512,ASP,A,ASP512A
PDE4D_catalytic,ROLIPRAM,hydrophobic_interactions,405,TYR,A,TYR405A
PDE4D_catalytic,ROLIPRAM,hydrophobic_interactions,405,TYR,A,TYR405A
PDE4D_catalytic,ROLIPRAM,hydrophobic_interactions,582,ILE,A,ILE582A
PDE4D_catalytic,ROLIPRAM,hydrophobic_interactions,586,PHE,A,PHE586A
PDE4D_catalytic,ROLIPRAM,hydrophobic_interactions,618,PHE,A,PHE618A
PDE4D_catalytic,ROLIPRAM,hydrophobic_interactions,618,PHE,A,PHE618A
PDE4D_catalytic,ROLIPRAM,hydrogen_bonds,406,HIS,A,HIS406A
PDE4D_catalytic,ROLIPRAM,hydrogen_bonds,615,GLN,A,GLN615A
PDE4D_catalytic,ROLIPRAM,pi_stacks,618,PHE,A,PHE618A
PDE4B_monomer,NO12,hydrophobic_interactions,582,ILE,A,ILE582A
PDE4B_monomer,NO12,hydrophobic_interactions,618,PHE,A,PHE618A
PDE4B_monomer,NO12,hydrophobic_interactions,618,PHE,A,PHE618A
PDE4B_monomer,NO12,hydrogen_bonds,296,ARG,A,ARG296A
PDE4B_monomer,NO12,hydrogen_bonds,296,ARG,A,ARG296A
PDE4B_monomer,NO12,hydrogen_bonds,585,GLU,A,GLU585A
PDE4B_monomer,NO12,salt_bridges,296,ARG,A,ARG296A
PDE4B_monomer,NO12,salt_bridges,298,LYS,A,LYS298A
PDE4B_monomer,NO12,pi_stacks,618,PHE,A,PHE618A
PDE4B_monomer,104775,hydrophobic_interactions,582,ILE,A,ILE582A
PDE4B_monomer,104775,hydrophobic_interactions,618,PHE,A,PHE618A
PDE4B_monomer,104775,hydrophobic_interactions,618,PHE,A,PHE618A
PDE4B_monomer,104775,hydrogen_bonds,567,ASN,A,ASN567A
PDE4B_monomer,104775,salt_bridges,296,ARG,A,ARG296A
PDE4B_dimer,NO12,hydrophobic_interactions,278,THR,B,THR278B
PDE4B_dimer,NO12,hydrophobic_interactions,511,ILE,A,ILE511A
PDE4B_dimer,NO12,hydrophobic_interactions,511,ILE,A,ILE511A
PDE4B_dimer,NO12,hydrogen_bonds,272,SER,A,SER272A
PDE4B_dimer,NO12,hydrogen_bonds,277,ASN,B,ASN277B
PDE4B_dimer,NO12,hydrogen_bonds,281,ASP,B,ASP281B
PDE4B_dimer,NO12,hydrogen_bonds,508,LYS,A,LYS508A
PDE4B_dimer,NO12,hydrogen_bonds,549,TYR,A,TYR549A
PDE4B_dimer,NO12,salt_bridges,507,ARG,A,ARG507A
PDE4B_catalytic,NO12,hydrophobic_interactions,565,LEU,A,LEU565A
PDE4B_catalytic,NO12,hydrophobic_interactions,582,ILE,A,ILE582A
PDE4B_catalytic,NO12,hydrophobic_interactions,618,PHE,A,PHE618A
PDE4B_catalytic,NO12,hydrophobic_interactions,623,VAL,A,VAL623A
PDE4B_catalytic,NO12,hydrogen_bonds,564,ASP,A,ASP564A
PDE4B_catalytic,NO12,hydrogen_bonds,567,ASN,A,ASN567A
PDE4B_catalytic,NO12,hydrogen_bonds,575,TYR,A,TYR575A
PDE4B_catalytic,NO12,hydrogen_bonds,615,GLN,A,GLN615A
PDE4B_catalytic,NO12,salt_bridges,410,HIS,A,HIS410A
PDE4B_catalytic,NO12,pi_stacks,618,PHE,A,PHE618A
PDE4D_catalytic,6047,hydrophobic_interactions,405,TYR,A,TYR405A
PDE4D_catalytic,6047,hydrophobic_interactions,582,ILE,A,ILE582A
PDE4D_catalytic,6047,hydrophobic_interactions,582,ILE,A,ILE582A
PDE4D_catalytic,6047,hydrogen_bonds,405,TYR,A,TYR405A
PDE4D_catalytic,6047,hydrogen_bonds,564,ASP,A,ASP564A
PDE4D_catalytic,6047,hydrogen_bonds,615,GLN,A,GLN615A
PDE4D_catalytic,6047,hydrogen_bonds,615,GLN,A,GLN615A
PDE4D_catalytic,6047,salt_bridges,406,HIS,A,HIS406A
PDE4D_catalytic,6047,salt_bridges,410,HIS,A,HIS410A
PDE4D_catalytic,6047,pi_stacks,618,PHE,A,PHE618A
PDE4B_catalytic,ROLIPRAM,hydrophobic_interactions,618,PHE,A,PHE618A
PDE4B_catalytic,ROLIPRAM,hydrophobic_interactions,618,PHE,A,PHE618A
PDE4B_catalytic,ROLIPRAM,hydrophobic_interactions,618,PHE,A,PHE618A
PDE4B_catalytic,ROLIPRAM,hydrophobic_interactions,623,VAL,A,VAL623A
PDE4B_catalytic,ROLIPRAM,hydrogen_bonds,575,TYR,A,TYR575A
PDE4B_catalytic,ROLIPRAM,hydrogen_bonds,575,TYR,A,TYR575A
