Final_5plus,COLOC,COLOC_2,PsychENCODE_SMR,Final
TMEM106B,NCOA3,GPR27,RPL31P12,TMEM106B
TMEM106B,SULF2,AREL1,AREL1,TMEM106B
TMEM106B,RNU7-173P,DFNA5,FADS1,TMEM106B
TMEM106B,SRMP1,TMEM106B,AMT,TMEM106B
TMEM106B,RNA5SP486,TMEM106B,RP11-73M18.8,TMEM106B
TMEM106B,RNU7-92P,TRIM8,DCC,TMEM106B
TMEM106B,SKA1,PRMT6,RAB27B,TMEM106B
TMEM106B,RPLP0P11,RPL31P12,ZKSCAN7,TMEM106B
TMEM106B,MAPK4,B3GALTL,ZNF197,TMEM106B
CTNND1,MRO,CNNM2,TMEM106B,CTNND1
CTNND1,HNRNPA3P16,CNNM2,CDH9,CTNND1
CTNND1,RPL17P46,ELAVL4,SLC25A17,CTNND1
CTNND1,ME2,CSE1L,CSE1L,CTNND1
CTNND1,ELAC1,RP6-109B7.3,RANGAP1,CTNND1
CTNND1,SMAD4,RAB27B,BTN3A3,CTNND1
CTNND1,PML,TSNARE1,RP11-73M18.7,CTNND1
CTNND1,DNM1P33,FADS1,DFNA5,CTNND1
AREL1,GOLGA6A,MOB4,PCDHA8,AREL1
AREL1,RN7SL429P,TMEM258,RERE,AREL1
AREL1,COMMD4P2,CCDC87,CTNND1,AREL1
AREL1,ISLR2,PSMB4,TMEM165,AREL1
AREL1,Metazoa_SRP,PSMB4,GPR27,AREL1
AREL1,ISLR,TRHDE-AS1,PCDHA7,AREL1
AREL1,STRA6,SLC25A12,TRHDE-AS1,AREL1
AREL1,CCDC33,GMPPB,LIN28B,AREL1
EPHB2,LINC02932,DYNC1I2,SF3B1,EPHB2
EPHB2,MTERF1,MKRN1,STAU1,EPHB2
EPHB2,AKAP9,CSE1L,GIGYF2,EPHB2
EPHB2,TBC1D3P5,GMPPB,DDX27,EPHB2
EPHB2,TBC1D3P5,PSMB4,ZMAT2,EPHB2
EPHB2,KSR1,RAB27B,AC068039.4,EPHB2
EPHB2,MSANTD3P1,LRGUK,SFMBT1,EPHB2
GIGYF2,CNTN5,P2RX7,DLST,GIGYF2
GIGYF2,RN7SKP53,P2RX7,PCDHA2,GIGYF2
GIGYF2,MVB12B,EPHB2,MOB4,GIGYF2
GIGYF2,NRON,CHORDC1,CTD-2334D19.1,GIGYF2
GIGYF2,SNORD116,CTNND1,NDUFA2,GIGYF2
GIGYF2,LMX1B-DT,AC068039.4,RN7SL471P,GIGYF2
GIGYF2,LMX1B,CSDC2,TMEM258,GIGYF2
PCDHA2,CDK9,PPP3CC,,PCDHA2
PCDHA2,MIR3960,CDH13,,PCDHA2
PCDHA2,MIR2861,SLC25A12,,PCDHA2
PCDHA2,FPGS,ALG14,,PCDHA2
PCDHA2,ENG,TAL1,,PCDHA2
PCDHA2,RNA5SP296,PCMT1,,PCDHA2
PCDHA2,AK1,KLHDC8B,,PCDHA2
TMEM258,MIR4672,PPP3CC,,TMEM258
TMEM258,ST6GALNAC6,LRP4,,TMEM258
TMEM258,ST6GALNAC4,RAB27B,,TMEM258
TMEM258,PIP5KL1,RP11-254F7.2,,TMEM258
TMEM258,DPM2,NOS1,,TMEM258
TMEM258,EEIG1,RP11-301G7.1,,TMEM258
TMEM258,RAET1E-AS1,CDH9,,TMEM258
STAU1,CCT7P1,RABEPK,,STAU1
STAU1,RAET1E,RPRML,,STAU1
STAU1,RAET1E-AS1,ZKSCAN7,,STAU1
STAU1,RAET1G,MTERF,,STAU1
STAU1,ULBP2,POGZ,,STAU1
STAU1,ULBP1,BTN3A3,,STAU1
STAU1,BTF3P10,PCMT1,,STAU1
SF3B1,RAET1K,LINC00899,,SF3B1
SF3B1,RAET1K,ZHX3,,SF3B1
SF3B1,RAET1L,LRP4,,SF3B1
SF3B1,RAET1M,SCAMP1,,SF3B1
SF3B1,PHB1P1,PCDHA7,,SF3B1
SF3B1,ULBP3,SF3B1,,SF3B1
ZKSCAN7,PPP1R14C,LRP4,,ZKSCAN7
ZKSCAN7,P2RX3,PCDHA8,,ZKSCAN7
ZKSCAN7,PRG3,RABEPK,,ZKSCAN7
ZKSCAN7,PRG2,TKT,,ZKSCAN7
ZKSCAN7,SLC43A3,RTN4,,ZKSCAN7
ZKSCAN7,RNA5SP341,GTF2IP1,,ZKSCAN7
CDH9,RN7SKP259,PCDHA2,,CDH9
CDH9,RTN4RL2,TMEM106B,,CDH9
CDH9,SLC43A1,RP11-456K23.1,,CDH9
CDH9,RN7SL605P,CTTNBP2,,CDH9
CDH9,TIMM10,IST1,,CDH9
CDH9,SMTNL1,SLC25A12,,CDH9
SCAMP1,UBE2L6,STAU1,,SCAMP1
SCAMP1,RPS4XP13,GIGYF2,,SCAMP1
SCAMP1,SERPING1,CSE1L,,SCAMP1
SCAMP1,MIR130AHG,DDX27,,SCAMP1
SCAMP1,MIR130A,IST1,,SCAMP1
SCAMP1,YPEL4,CTNND1,,SCAMP1
PCDHA8,CLP1,ERI1,,PCDHA8
PCDHA8,ZDHHC5,SGIP1,,PCDHA8
PCDHA8,NRG2,STAG3L1,,PCDHA8
PCDHA8,MALINC1,TMEM33,,PCDHA8
PCDHA8,PURA,SLC25A13,,PCDHA8
PCDHA8,IGIP,MKRN1,,PCDHA8
CTTNBP2,CYSTM1,COMTD1,,CTTNBP2
CTTNBP2,SNRK,MVK,,CTTNBP2
CTTNBP2,RN7SL517P,NDFIP2,,CTTNBP2
CTTNBP2,SNRK-AS1,OTUD7A,,CTTNBP2
CTTNBP2,ANO10,CTD-2334D19.1,,CTTNBP2
CTTNBP2,RPL18AP9,DLST,,CTTNBP2
TRIM8,ABHD5,ZCCHC2,,TRIM8
TRIM8,PDE8B,MMAB,,TRIM8
TRIM8,PDE8B,ZNF804A,,TRIM8
TRIM8,WDR41,GLCE,,TRIM8
TRIM8,RPS2P24,RANGAP1,,TRIM8
TRIM8,RPL7P23,PWWP2A,,TRIM8
DCC,OTP,NDUFA2,,DCC
DCC,TBCA,SLC30A9,,DCC
DCC,ACTBP2,CCDC92,,DCC
DCC,TXNL4B,SCAI,,DCC
DCC,HP,TMEM165,,DCC
DCC,HPR,AC006014.10,,DCC
RAB27B,DHX38,B3GALTL,,RAB27B
RAB27B,PMFBP1,EPHB2,,RAB27B
RAB27B,LINC01572,MED24,,RAB27B
RAB27B,PLCL1,SUDS3,,RAB27B
RAB27B,LINC01923,PCMT1,,RAB27B
RAB27B,TOPAZ1,ARHGAP18,,RAB27B
CSE1L,TCAIM,FCN1,,CSE1L
CSE1L,C3orf86P,CSMD2,,CSE1L
CSE1L,C3orf86P,TRMT10C,,CSE1L
CSE1L,LINC01988,AC009237.8,,CSE1L
CSE1L,ZNF445,TAOK3,,CSE1L
CSE1L,ZNF852,RP11-350J20.5,,CSE1L
ZNF804A,EI24P3,CDH13,,ZNF804A
ZNF804A,ZKSCAN7-AS1,CCDC92,,ZNF804A
ZNF804A,ZKSCAN7,TMEM33,,ZNF804A
ZNF804A,ZNF660,LRP11,,ZNF804A
ZNF804A,MPRIPP1,ZNF502,,ZNF804A
GMPPB,ZNF197,ISLR2,,GMPPB
GMPPB,ZNF35,STAU1,,GMPPB
GMPPB,SOCS5P3,RP11-456J20.1,,GMPPB
GMPPB,ZNF502,C16orf45,,GMPPB
GMPPB,ZNF501,CSDC2,,GMPPB
CLOCK,KIAA1143,KLF11,,CLOCK
CLOCK,KIF15,RP11-380L11.3,,CLOCK
CLOCK,MIR564,AC004878.3,,CLOCK
CLOCK,TMEM42,KIAA1715,,CLOCK
CLOCK,TGM4,CCDC92,,CLOCK
TMEM165,ZDHHC3,TREX1,,TMEM165
TMEM165,RPL12P44,GTF3C4,,TMEM165
TMEM165,EXOSC7,SUFU,,TMEM165
TMEM165,CLEC3B,PIGFP2,,TMEM165
TMEM165,AGBL4,RP11-380L11.4,,TMEM165
NDUFA2,AGBL4-IT1,TCTA,,NDUFA2
NDUFA2,ZNF859P,NFXL1,,NDUFA2
NDUFA2,MTND2P29,PPP3CC,,NDUFA2
NDUFA2,ELAVL4,TREX1,,NDUFA2
NDUFA2,ELAVL4-AS1,PRSS51,,NDUFA2
BTN3A3,LINC02808,RP11-474L11.5,,BTN3A3
BTN3A3,HMGB1P45,UBE2M,,BTN3A3
BTN3A3,FCF1P6,SFMBT1,,BTN3A3
BTN3A3,DMRTA2,NFXL1,,BTN3A3
BTN3A3,FAF1,RP11-121C2.2,,BTN3A3
PACRG,FAF1-AS1,LRRC37A4P,,PACRG
PACRG,RNU6-1026P,ANKIB1,,PACRG
PACRG,CRB1,B3GALTL,,PACRG
PACRG,MRPS21P3,CCDC91,,PACRG
PACRG,DENND1B,RP11-798G7.7,,PACRG
MAD1L1,EEF1A1P32,FEN1,,MAD1L1
MAD1L1,FAM204BP,RP11-440D17.4,,MAD1L1
MAD1L1,C1orf53,DCAF4L1,,MAD1L1
MAD1L1,LHX9,KCTD16,,MAD1L1
MAD1L1,NEK7,RFWD2,,MAD1L1
MKRN1,PRR13P1,TSFM,,MKRN1
MKRN1,RPL23AP59,BTN3A2,,MKRN1
MKRN1,SORCS1,RP11-318C24.2,,MKRN1
MKRN1,GRM5-AS1,RP11-798G7.6,,MKRN1
MKRN1,GRM5,PRR24,,MKRN1
TSNARE1,RNU6-16P,OS9,,TSNARE1
TSNARE1,RPS6P23,DENND1A,,TSNARE1
TSNARE1,UBAC2-AS1,SORBS3,,TSNARE1
TSNARE1,GAPDHP22,USP15,,TSNARE1
TSNARE1,UBAC2,SLC30A9,,TSNARE1
DENND1A,RN7SKP9,DND1P1,,DENND1A
DENND1A,H2AZP3,RRP1B,,DENND1A
DENND1A,MLH3,TAOK3,,DENND1A
DENND1A,ACYP1,FAHD2B,,DENND1A
DENND1A,ZC2HC1C,LSM1,,DENND1A
CNNM2,NEK9,PEBP1,,CNNM2
CNNM2,HIF1AP1,USP3-AS1,,CNNM2
CNNM2,TMED10,RN7SL471P,,CNNM2
CNNM2,RNU4ATAC14P,TSPAN31,,CNNM2
CNNM2,U2,RP11-707O23.5,,CNNM2
LRP4,FOS,VRK2,,LRP4
LRP4,DPPA5P4,TSFM,,LRP4
LRP4,LINC01220,ZNF408,,LRP4
LRP4,CACNA1E,RP11-522N14.2,,LRP4
LRP4,Metazoa_SRP,RP11-669E14.4,,LRP4
FADS1,SOX5,LY86-AS1,,FADS1
FADS1,MIR920,NUP43,,FADS1
FADS1,SOX5-AS1,RAET1G,,FADS1
FADS1,USP40,GINM1,,FADS1
FADS1,UGT1A12P,C15orf57,,FADS1
CCDC91,UGT1A11P,CCSAP,,CCDC91
CCDC91,UGT1A8,RPS26P8,,CCDC91
CCDC91,UGT1A10,METTL21B,,CCDC91
CCDC91,UGT1A13P,RHOA,,CCDC91
CCDC91,UGT1A9,RBM34,,CCDC91
SPPL3,UGT1A7,ZEB2,,SPPL3
SPPL3,UGT1A6,KIFC2,,SPPL3
SPPL3,UGT1A5,PHF11,,SPPL3
SPPL3,UGT1A4,DNAJC27-AS1,,SPPL3
SPPL3,RPL17P11,RP5-1157M23.2,,SPPL3
DLST,UGT1A3,URI1,,DLST
DLST,DNAJB3,POM121C,,DLST
DLST,DNAJB3,NMU,,DLST
DLST,UGT1A2P,HARS2,,DLST
DLST,LINC01949,PLCG1,,DLST
CDH13,RASA1,FAM134A,,CDH13
CDH13,RN7SL629P,PWP1,,CDH13
CDH13,RNU6-606P,CRHR1-IT1,,CDH13
CDH13,CCNH,CNPPD1,,CDH13
CDH13,RNU6-727P,LRRC37A,,CDH13
ASIC2,LINC02488,ZNF35,,ASIC2
ASIC2,LINC02144,RP11-127B20.2,,ASIC2
ASIC2,KIRREL3,FAM177A1,,ASIC2
ASIC2,HTT,ARAP3,,ASIC2
ASIC2,MSANTD1,PMS2P3,,ASIC2
BPTF,RAD54B,PLEKHB1,,BPTF
BPTF,FSBP,PMFBP1,,BPTF
BPTF,VIRMA,TUBGCP6,,BPTF
BPTF,VIRMA-DT,POGK,,BPTF
BPTF,LINC02894,RP11-214K3.23,,BPTF
DDX27,ESRP1,DIAPH3,,DDX27
DDX27,Metazoa_SRP,CCDC91,,DDX27
DDX27,DPY19L4,HSF2BP,,DDX27
DDX27,INTS8,NEK4,,DDX27
DDX27,LYPLA2P1,RPUSD2,,DDX27
RANGAP1,RPL35AP4,ZMAT2,,RANGAP1
RANGAP1,KIFC1,RP11-177J6.1,,RANGAP1
RANGAP1,RPL12P1,HEY1,,RANGAP1
RANGAP1,PHF1,UAP1L1,,RANGAP1
RANGAP1,CUTA,RP11-571M6.17,,RANGAP1
,SYNGAP1,HARS2,,ANKIB1
,SYNGAP1-AS1,DCC,,ANKIB1
,MIR5004,UAP1L1,,ANKIB1
,ZBTB9,AC016629.3,,ANKIB1
,GGNBP1,ZBTB46,,C11orf49
,RN7SL26P,C15orf57,,C11orf49
,Metazoa_SRP,NAPA,,C11orf49
,BAK1,PPIL2,,C11orf49
,GGNBP1,RP11-282O18.3,,CPNE8
,LINC00336,CDK2AP1,,CPNE8
,ITPR3,CTNND1,,CPNE8
,UQCC2,ALG10,,CPNE8
,MIR3934,MEX3C,,CYP7B1
,IP6K3,MAPT,,CYP7B1
,LEMD2,NAPA,,CYP7B1
,MLN,PCLO,,CYP7B1
,PLEKHG3,TIAF1,,FCN1
,SPTB,MAPT-AS1,,FCN1
,MIR7855,CRHR1,,FCN1
,ASCC3,ZNF638,,FCN1
,GRIK2,RPS6KL1,,GPX1
,ACTG1P18,TMEM25,,GPX1
,ITGA6-AS1,GTF2IRD2,,GPX1
,PDK1,SPPL2C,,GPX1
,RAPGEF4-AS1,RAPGEF2,,INPP4B
,RAPGEF4,FAM160B1,,INPP4B
,ALDH7A1P2,RP4-803J11.2,,INPP4B
,HERC1,XRCC6BP1,,INPP4B
,MIR422A,UBTFL6,,LINC00461
,DAPK2,CPT1A,,LINC00461
,CIAO2A,RP11-694I15.7,,LINC00461
,SNX1,DNAJB9,,LINC00461
,SLC25A5P5,AGAP2-AS1,,LRP11
,LSM5,HIBADH,,LRP11
,AVL9,MAGEF1,,LRP11
,DPY19L1P1,STH,,LRP11
,ZNRF2P1,NSUN5P1,,MIER1
,MIR550A2,PPP1R16A,,MIER1
,MIR550B2,TSFM,,MIER1
,LINC00997,KATNA1,,MIER1
,DPY19L1P2,HIBADH,,NEGR1
,SNORA70,RP11-20G6.2,,NEGR1
,P2RX7,SCYL1,,NEGR1
,P2RX4,ZSCAN12P1,,NEGR1
,CAMKK2,RPAP1,,NOS1
,ANAPC5,ALDH16A1,,NOS1
,SEMA6D,XPNPEP3,,NOS1
,RPL7AP62,ZDHHC5,,NOS1
,LINC01491,MFAP3L,,NT5C2
,NTMT1,FAHD2B,,NT5C2
,ASB6,OPA1,,NT5C2
,PRRX2,EXOC6,,NT5C2
,PRRX2-AS1,RP11-259G18.1,,PCDHA4
,PTGES,CD320,,PCDHA4
,UBE2V1P4,DDHD2,,PCDHA4
,TOR1B,UAP1L1,,PCDHA4
,TOR1A,CHMP3,,PMFBP1
,C9orf78,DUTP6,,PMFBP1
,USP20,SYT4,,PMFBP1
,MIR6855,FRAT2,,PMFBP1
,FNBP1,PPP6C,,RALGPS1
,RNF103-CHMP3,HNRNPA1P46,,RALGPS1
,CHMP3-AS1,RP11-73M18.6,,RALGPS1
,RNF103,CTD-2517M22.14,,RALGPS1
,RMND5A,SLC30A9,,RERE
,CD8A,CDKN2C,,RERE
,CD8B,TMEM110,,RERE
,LINC02460,RP11-313F23.5,,RERE
,RPL17P37,MYH15,,RNF123
,LINC02423,KCNF1,,RNF123
,LINC02440,ITIH4,,RNF123
,LINC02439,BEND4,,RNF123
,RNA5SP374,HARS,,RPL31P12
,PCNX4,PRPS1P2,,RPL31P12
,DHRS7,CYHR1,,RPL31P12
,SCOCP1,PLCL1,,RPL31P12
,PSMA3P1,FAM221A,,SFMBT1
,RPL17P2,ALDH16A1,,SFMBT1
,PPM1A,DNAJC5,,SFMBT1
,LINC02322,TMED10,,SFMBT1
,C14orf39,UBE3B,,SUDS3
,RMB8AP1,DPP3,,SUDS3
,GNRHR2P1,RN7SL656P,,SUDS3
,SALL4P7,RP5-966M1.6,,SUDS3
,SIX6,UBE2Z,,SYT4
,SALRNA1,PEX11G,,SYT4
,SIX1,NEGR1,,SYT4
,MAPRE2,USP38,,SYT4
,ZNF397,GPT,,TAOK3
,ZSCAN30,PIH1D1,,TAOK3
,AMBRA1,CPNE8,,TAOK3
,MIR3160-1,C14orf64,,TAOK3
,MIR3160-2,EXOC6,,TKT
,HARBI1,ITIH3,,TKT
,ATG13,ASAP1,,TKT
,ARHGAP1,PLEKHM1,,TKT
,ZNF408,CPNE8,,TRHDE-AS1
,F2,C17orf58,,TRHDE-AS1
,CKAP5,ARHGAP15,,TRHDE-AS1
,MIR5582,IK,,TRHDE-AS1
,SNORD67,RP11-73M18.8,,USP3
,LRP4-AS1,PSTK,,USP3
,LRP4,KIF3B,,USP3
,CSTPP1,NCAN,,USP3
,ARFGAP2,BCHE,,ZDHHC5
,PACSIN3,WDR6,,ZDHHC5
,MIR6745,RP1-167F1.2,,ZDHHC5
,DDB2,MYO18A,,ZDHHC5
,ACP2,SPATA2,,ZHX3
,NR1H3,ALDH16A1,,ZHX3
,MADD,CTC-467M3.3,,ZHX3
,MADD-AS1,ADC,,ZHX3
,MYBPC3,RP11-111A22.1,,ZMAT2
,SPI1,SMCR8,,ZMAT2
,SLC39A13-AS1,HSDL2,,ZMAT2
,MIR4487,RP11-91K8.5,,ZMAT2
,SLC39A13,ADO,,ZNF408
,PSMC3,MICALL1,,ZNF408
,RAPSN,RECQL4,,ZNF408
,CELF1,PLEKHB1,,ZNF408
,RN7SL652P,FAHD2B,,AC068039.4
,NDUFS3,GNPDA2,,AC068039.4
,PTPMT1,OPA1,,AC068039.4
,KBTBD4,RP11-700J17.2,,ACADS
,RNU5E-10P,RP11-571M6.8,,ACADS
,FAM180B,DPP7,,ACADS
,C1QTNF4,LEMD2,,ACVR1B
,MTCH2,DNAJC6,,ACVR1B
,AGBL2,RP11-350N15.6,,ACVR1B
,FNBP4,MTMR2,,ADARB1
,NUP160,SYT16,,ADARB1
,RNA5SP340,TMCO6,,ADARB1
,YPEL5P2,CYB561,,ADCY2
,PTPRJ,ZNF197,,ADCY2
,PTPRJ-AS1,XRCC6BP1,,ADCY2
,MIR3161,RP11-658F2.8,,ADGRA1
,OR4B1,GFM1,,ADGRA1
,OR4B2P,BNIP3P1,,ADGRA1
,OR4X2,HIST1H4L,,ADK
,OR4X1,TOX3,,ADK
,OR4S1,B4GALT6,,ADK
,OR4C3,SP4,,AMT
,OR4C4P,LINC00323,,AMT
,OR4C5,SOHLH2,,AMT
,OR4C2P,NTNG1,,ARHGAP15
,OR4C10P,PDS5A,,ARHGAP15
,OR4C9P,PTPLB,,ARHGAP15
,OR4R1P,AC159540.14,,ARL3
,OR4A47,FAM120AOS,,ARL3
,OR4A48P,WBSCR16,,ARL3
,OR4A46P,GNL3,,ASCC3
,OR4A40P,CHORDC1,,ASCC3
,OR4A43P,GRIK3,,ASCC3
,OR4A45P,COPZ1,,B3GALTL
,OR4A41P,INPP4B,,B3GALTL
,NCAM1,RP11-165N19.2,,B3GALTL
,RNU7-187P,RP11-463M16.4,,B4GALNT4
,NCAM1-AS1,CDH22,,B4GALNT4
,TTC12-DT,LEPROT,,B4GALNT4
,TTC12,EPHA7,,BTN2A3P
,ANKK1,CPEB3,,BTN2A3P
,DRD2,PROSER1,,BTN2A3P
,MIR4301,DPY19L1,,BTN3A2
,TMPRSS5,THUMPD3,,BTN3A2
,MAD1L1,ADK,,BTN3A2
,MIR4655,TIMP4,,C17orf58
,MRM2,LINC00998,,C17orf58
,NUDT1,DCC,,C17orf58
,SLC9C2,NACA,,CACNA1E
,ANKRD45,GS1-124K5.2,,CACNA1E
,TEX50,FBXO11,,CACNA1E
,KLHL20,RP11-798G7.5,,CCDC92
,RPS27P7,HIBADH,,CCDC92
,RN7SKP160,GLT8D1,,CCDC92
,CENPL,DSG2,,CCSER1
,DARS2,OLFML2A,,CCSER1
,GAS5,ISLR,,CCSER1
,GAS5-AS1,RP11-309G3.3,,CDH18
,ZBTB37,SPCS1,,CDH18
,SERPINC1,ARHGAP21,,CDH18
,RNA5SP67,TSHZ2,,CDH2
,RC3H1,ANKRD36,,CDH2
,RNA5SP68,SKP1P1,,CDH2
,RC3H1-IT1,RERE,,CDH6
,RC3H1-DT,ATP5G1,,CDH6
,RPL30P1,WNT2B,,CDH6
,RABGAP1L-DT,MRPL33,,CNTLN
,RABGAP1L,CTD-3074O7.12,,CNTLN
,RN7SKP46,TMEM107,,CNTLN
,SHOX2,GGH,,COMTD1
,RSRC1,RPS18P9,,COMTD1
,RPL15P6,TMEM161B-AS1,,COMTD1
,LILRA2P1,TMEM127,,CREG2
,RPS12P7,ZFYVE19,,CREG2
,ZFYVE9,AKT3,,CREG2
,CC2D1B,SORCS3,,CSDC2
,PLA2G12AP1,SCN1B,,CSDC2
,ORC1,NRXN2,,CSDC2
,PRPF38A,ZDHHC24,,CTD-2334D19.1
,TUT4,CCS,,CTD-2334D19.1
,NA,CYB561,,CTD-2334D19.1
,NA,MRPL34,,DFNA5
,NA,RP11-350N15.5,,DFNA5
,HSPE1P1,ISLR,,DFNA5
,LINC01370,CKS2,,ELAVL2
,RBX1,C22orf23,,ELAVL2
,ACTBP15,PPP2R3C,,ELAVL2
,EP300,RP11-381K20.5,,EP300
,MIR1281,MAN1B1,,EP300
,RNU6-375P,POU5F2,,EP300
,EP300-AS1,LIN28B,,ERBB4
,LRRC37A14P,LRRC4,,ERBB4
,L3MBTL2,RP11-24C3.2,,ERBB4
,L3MBTL2-AS1,ARPC5L,,ESYT2
,CHADL,DPP7,,ESYT2
,RANGAP1,IGLON5,,ESYT2
,MIR6889,AC159540.1,,EXD3
,ZC3H7B,PRR16,,EXD3
,TEF,RP11-165J3.6,,EXD3
,RNU6-495P,DPP7,,EXOC4
,TOB2,ADCY3,,EXOC4
,ACO2,TMA7,,EXOC4
,PHF5A,RBBP9,,EYS
,POLR3H,MPPED2,,EYS
,CSDC2,RP11-73M18.7,,EYS
,PMM1,GPX1,,FAM189A1
,DESI1,KCTD7,,FAM189A1
,XRCC6,RP11-448A19.1,,FAM189A1
,SNU13,TPM3,,FURIN
,RNU6-476P,THUMPD3,,FURIN
,C22orf46P,RANBP17,,FURIN
,C22orf46P,NALCN-AS1,,GNAO1
,MEI1,PPP3CA,,GNAO1
,HMGN2P10,EIF5B,,GNAO1
,RNU6ATAC22P,MAN1A1,,GPR27
,CCDC134,NUP50,,GPR27
,SREBF2-AS1,GOPC,,GPR27
,SREBF2,GHRLOS,,GRIA1
,MIR33A,C2orf16,,GRIA1
,SHISA8,HARS,,GRIA1
,TNFRSF13C,PLCL1,,GRM8
,MIR378I,AC068490.1,,GRM8
,CENPM,SLC4A9,,GRM8
,SMIM45,RP11-80H5.9,,HCG11
,SEPTIN3,SYPL2,,HCG11
,WBP2NL,PRICKLE4,,HCG11
,SLC25A5P1,CHD7,,HMGN4
,NAGA,RP4-782G3.1,,HMGN4
,PHETA2,NFXL1,,HMGN4
,SNORD13P1,TPST1,,HS6ST3
,SMDT1,RP11-561N12.5,,HS6ST3
,NDUFA6,BAD,,HS6ST3
,NDUFA6-DT,BCAP29,,HTT
,OLA1P1,PDP1,,HTT
,CYP2D6,RAD23B,,HTT
,CYP2D7,PDE7A,,ISLR2
,CYP2D8P,RAB5CP1,,ISLR2
,TCF20,DECR2,,ISLR2
,RXFP2,MGST1,,KATNA1
,FRY,ZNF852,,KATNA1
,LINC02796,LYRM4,,KATNA1
,RNU6-1246P,DECR1,,KLHDC8B
,KRT8P21,RP11-855A2.5,,KLHDC8B
,RN7SKP19,WDR70,,KLHDC8B
,LINC01360,IRAK3,,KNDC1
,LINC02238,SETD5-AS1,,KNDC1
,RNA5SP50,NEK4,,KNDC1
,RNU4ATAC8P,LINC00473,,KPNA2
,LRRIQ3,UNC93B3,,KPNA2
,TMEM106B,NEUROG2,,KPNA2
,VWDE,SNF8,,LIN28B
,SSBL5P,GDI2,,LIN28B
,TAS2R2P,NPDC1,,LIN28B
,,ARL17A,,LINC00899
,,TDRKH,,LINC00899
,,SLC22A6,,LINC00899
,,RP11-98D18.9,,LINGO1
,,NT5C2,,LINGO1
,,DNAJC17,,LINGO1
,,MGST1,,LRFN5
,,RP11-415J8.3,,LRFN5
,,UBE2H,,LRFN5
,,RP5-896L10.1,,LSAMP
,,GPSM1,,LSAMP
,,OPA1,,LSAMP
,,MVK,,LY75
,,ADCY3,,LY75
,,RTP4,,LY75
,,NSF,,MBD2
,,CTC-329D1.3,,MBD2
,,IQCB1,,MBD2
,,KPNA2,,MDGA1
,,HS3ST1,,MDGA1
,,FAM215B,,MDGA1
,,TREX1,,MOB4
,,NPM1,,MOB4
,,GLTP,,MOB4
,,MAEL,,MYRF
,,LHX2,,MYRF
,,RP11-47A8.5,,MYRF
,,SAMD10,,MZF1-AS1
,,GRM8,,MZF1-AS1
,,PDXDC2P,,MZF1-AS1
,,LRRC37A2,,NCOA5
,,PPP4C,,NCOA5
,,NGEF,,NCOA5
,,TIGD2,,NUP43
,,TTL,,NUP43
,,UFD1L,,NUP43
,,KIAA0391,,OPA1
,,HS2ST1,,OPA1
,,TXNDC9,,OPA1
,,SHMT1,,PAX6
,,ZNF117,,PAX6
,,FUT7,,PAX6
,,RRM2B,,PCDHA3
,,EFNA5,,PCDHA3
,,RUNX1T1,,PCDHA3
,,PLCG1,,PCDHA7
,,CTD-2555O16.4,,PCDHA7
,,RP11-455F5.3,,PCDHA7
,,ADTRP,,PCLO
,,MAPKBP1,,PCLO
,,FAM217B,,PCLO
,,ZNF609,,PCMT1
,,AC068057.2,,PCMT1
,,TMEM161B,,PCMT1
,,RP11-511H9.3,,PEBP1
,,ADCY3,,PEBP1
,,KIAA1524,,PEBP1
,,AKT3,,PLCL2
,,SFTA1P,,PLCL2
,,LINC00689,,PLCL2
,,C2orf82,,PPP3CC
,,ACHE,,PPP3CC
,,SLC25A39,,PPP3CC
,,RP11-266A24.1,,PRR16
,,RUNDC3A,,PRR16
,,LINC00870,,PRR16
,,LINC00174,,PSEN2
,,TKT,,PSEN2
,,PSMA6,,PSEN2
,,LYSMD4,,PSMB4
,,DKFZP779J2370,,PSMB4
,,GLYCTK,,PSMB4
,,BTN2A3P,,PTCH1
,,ZFYVE19,,PTCH1
,,MYO15A,,PTCH1
,,ZSCAN30,,QSER1
,,YPEL3,,QSER1
,,ZBTB20-AS4,,QSER1
,,RP11-429E11.2,,RAET1G
,,HSDL2,,RAET1G
,,AC007690.1,,RAET1G
,,KTI12,,REV3L
,,GDI2,,REV3L
,,FNBP4,,REV3L
,,RPAP1,,RN7SL471P
,,45550,,RN7SL471P
,,IGFBP2,,RN7SL471P
,,SMIM8,,RPS6KA5
,,PLAGL2,,RPS6KA5
,,MAP2,,RPS6KA5
,,LETM2,,RPS6KL1
,,TMEM120A,,RPS6KL1
,,SEPP1,,RPS6KL1
,,RP11-163N6.2,,RTN4
,,TMEM136,,RTN4
,,AC096669.3,,RTN4
,,SH2D5,,SAMD3
,,DFNA5,,SAMD3
,,ADAR,,SAMD3
,,USP3,,SDK1
,,ACP6,,SDK1
,,DDX58,,SDK1
,,EXD2,,SGCZ
,,RP11-179B2.2,,SGCZ
,,CHD6,,SGCZ
,,NDNF,,SHISA9
,,YTHDC2,,SHISA9
,,ITPR3,,SHISA9
,,PEX7,,SLC25A12
,,RP11-80I15.1,,SLC25A12
,,TTC30A,,SLC25A12
,,OAZ2,,SLC25A17
,,KLHL20,,SLC25A17
,,LINC00636,,SLC25A17
,,LYRM4,,SLC30A9
,,CYP7B1,,SLC30A9
,,MLEC,,SLC30A9
,,HDDC3,,SORCS3
,,CACNA2D2,,SORCS3
,,RAB3C,,SORCS3
,,RP11-182J1.16,,STAB1
,,TMA7,,STAB1
,,MED12L,,STAB1
,,PCGF6,,TCF4
,,PLA2G4B,,TCF4
,,GSG1L,,TCF4
,,ACP6,,TCTA
,,CELF4,,TCTA
,,RP11-5P18.5,,TCTA
,,PREX1,,TENM2
,,PRKCD,,TENM2
,,CCDC58,,TENM2
,,NAV1,,TRAF3
,,POR,,TRAF3
,,ATG7,,TRAF3
,,RP13-262C2.3,,TRMT61A
,,ZSCAN2,,TRMT61A
,,ABCA5,,TRMT61A
,,WDR82,,TSFM
,,AP001816.1,,TSFM
,,BBOX1,,TSFM
,,RP11-527L4.5,,TSPAN31
,,ZBTB37,,TSPAN31
,,BHMT,,TSPAN31
,,U91328.22,,USP15
,,HBP1,,USP15
,,PELI3,,USP15
,,HIRIP3,,USP3-AS1
,,CTD-2298J14.2,,USP3-AS1
,,SLC12A5,,USP3-AS1
,,CDC23,,VRK2
,,RP11-182J1.10,,VRK2
,,TOR1AIP1,,VRK2
,,CHST10,,ZCCHC7
,,RP11-686O6.2,,ZCCHC7
,,VIPR2,,ZCCHC7
,,ABCA5,,ZNF192P1
,,WDR73,,ZNF192P1
,,TWF1P1,,ZNF192P1
,,KANSL1-AS1,,ZNF197
,,RP5-1125A11.1,,ZNF197
,,CSPG4P11,,ZNF197
,,RP11-182J1.13,,ZNF204P
,,GANAB,,ZNF204P
,,SERGEF,,ZNF204P
,,RP11-58A17.3,,ZNF445
,,EFTUD1P1,,ZNF445
,,RP11-182J1.14,,ZNF445
,,CSPG4P12,,ZNF502
,,JMJD7,,ZNF502
,,BACE2,,ZNF502
,,BCL2L13,,ZNF638
,,REV3L,,ZNF638
,,WWP2,,ZNF638
,,CYB561D1,,AATK
,,RP11-439E19.7,,AATK
,,TRUB1,,AC005332.2
,,TNFAIP8L3,,AC005332.2
,,RP11-98D18.17,,AC005332.7
,,AMT,,AC005332.7
,,GMPPB,,AC008525.1
,,GLIPR1L2,,AC008525.1
,,ABCC6,,AC012313.4
,,CARM1,,AC012313.4
,,FAM210B,,AC012313.5
,,AC034193.5,,AC012313.5
,,SLC2A9,,AC016629.2
,,SKIDA1,,AC016629.2
,,CYSTM1,,AC022364.1
,,CYSTM1,,AC022364.1
,,HIST1H2AD,,AC024243.1
,,AC092675.3,,AC024243.1
,,CEP97,,AC026367.2
,,GOLGA3,,AC026367.2
,,LINC00622,,AC069200.1
,,ARL4C,,AC069200.1
,,MTFR1,,AC103770.1
,,RIPK2,,AC103770.1
,,PPP1R16A,,AC103792.1
,,MTL5,,AC103792.1
,,KTN1,,AC116353.6
,,NR2F1-AS1,,AC116353.6
,,ADCK3,,AC134407.2
,,ZNF445,,AC134407.2
,,FARP1,,ADARB2
,,DCAF5,,ADARB2
,,NMB,,AGBL4
,,EIF5B,,AGBL4
,,HIST1H1C,,AL133338.1
,,RP1-104O17.1,,AL133338.1
,,CYP51A1,,AL355312.1
,,RP11-138H8.6,,AL355312.1
,,CLEC18A,,AL355312.2
,,RP11-533E19.7,,AL355312.2
,,ABCB6,,AL513548.1
,,AC005550.4,,AL513548.1
,,CTD-2381F24.1,,AL513548.3
,,AC103965.1,,AL513548.3
,,KPNB1,,AL513548.4
,,SLC25A17,,AL513548.4
,,GABRA1,,ALG14
,,POU6F2,,ALG14
,,GLIPR1,,ANAPC5
,,PACSIN2,,ANAPC5
,,LYG1,,ANGPTL2
,,UBA7,,ANGPTL2
,,RNF180,,ANKK1
,,CCS,,ANKK1
,,LOH12CR1,,ANO10
,,IL21R,,ANO10
,,CLEC18C,,AP000662.1
,,AC012358.8,,AP000662.1
,,NT5C1A,,AP1G1
,,MAPRE3,,AP1G1
,,WIPF3,,ARHGAP27P2
,,DPYSL4,,ARHGAP27P2
,,RP11-959F10.5,,AS3MT
,,TEX14,,AS3MT
,,RP11-799B12.4,,ASTN2
,,ZBTB45,,ASTN2
,,ST7L,,AUTS2
,,RAB4A,,AUTS2
,,RP11-175P19.2,,B3GLCT
,,ZNF292,,B3GLCT
,,RP1-178F10.3,,BAG5
,,ZDHHC8,,BAG5
,,ZNF670,,BAZ2B
,,AC021593.1,,BAZ2B
,,ITGA4,,BORCS7
,,EMC3,,BORCS7
,,C9orf72,,BSN-DT
,,RP11-600F24.2,,BSN-DT
,,RPL9P25,,BTBD10P2
,,PRPF6,,BTBD10P2
,,RAD54L,,BTN2A1
,,ITPRIPL1,,BTN2A1
,,NDUFAF1,,BTN2A2
,,RNF103-CHMP3,,BTN2A2
,,IL21R-AS1,,BTN3A1
,,INO80E,,BTN3A1
,,DOC2A,,C8orf88
,,RNF138,,C8orf88
,,WDR1,,CACNA1C
,,FAM172A,,CACNA1C
,,TMBIM4,,CBX4
,,NUDT7,,CBX4
,,RHOT1,,CCDC87
,,SMARCA4,,CCDC87
,,ZNF695,,CCT7P1
,,ZSCAN21,,CCT7P1
,,TMOD2,,CD14
,,TOP3A,,CD14
,,XRCC6,,CDH8
,,C2orf47,,CDH8
,,C12orf23,,CELF4
,,ARL6IP4,,CELF4
,,COMT,,CENPBD1P1
,,EP300,,CENPBD1P1
,,RP11-169K16.8,,CHD6
,,BRINP2,,CHD6
,,CAMKV,,CHMP3
,,GRIA1,,CHMP3
,,RP11-1C8.7,,CHORDC1
,,RP11-700H6.4,,CHORDC1
,,CARM1,,CIR1
,,ZNF606,,CIR1
,,DDX18,,CNOT4
,,SMIM2-AS1,,CNOT4
,,CHTF8,,CNTN5
,,RP11-156P1.2,,CNTN5
,,GRIN2C,,CNTNAP2
,,ZNF407,,CNTNAP2
,,ZNF627,,CNTNAP5
,,UXS1,,CNTNAP5
,,RP11-799M12.2,,COP1
,,MED20,,COP1
,,ERVW-1,,CYSTM1
,,UPF3A,,CYSTM1
,,AC013402.2,,DALRD3
,,RP11-67M1.1,,DALRD3
,,EPB41L2,,DDB2
,,SIGMAR1,,DDB2
,,DPYSL4,,DENND1B
,,BDNF-AS,,DENND1B
,,RP11-484D2.2,,DRD2
,,ZNF268,,DRD2
,,RNFT1,,DYNC1I2
,,TRNAU1AP,,DYNC1I2
,,UNC50,,DYRK1A
,,APOA1,,DYRK1A
,,RP11-849F2.8,,EFNA5
,,RSL24D1P6,,EFNA5
,,C1orf64,,EIF4E3
,,ATG7,,EIF4E3
,,CADPS,,ELAVL4
,,SDIM1,,ELAVL4
,,PRDX5,,ERI1
,,CRNDE,,ERI1
,,OPA3,,ESR1
,,BTN3A3,,ESR1
,,SNX16,,ESR2
,,RABGAP1,,ESR2
,,LYRM4,,ESRRG
,,RWDD1,,ESRRG
,,BICC1,,ETV1
,,KIF20B,,ETV1
,,ZFYVE1,,FAHD2B
,,CISD3,,FAHD2B
,,RP4-669P10.19,,FAM120AOS
,,RP5-1065J22.8,,FAM120AOS
,,AC096649.2,,FAM172A
,,FARP2,,FAM172A
,,RP11-197N18.2,,FEN1
,,LINC00928,,FEN1
,,CDK10,,FILIP1
,,RP11-156L14.1,,FILIP1
,,RP11-267C16.2,,FLJ20021
,,ACTR5,,FLJ20021
,,RP3-436N22.3,,FOXP2
,,PROX1-AS1,,FOXP2
,,ARHGAP1,,GABRA1
,,RP11-73M18.9,,GABRA1
,,PACSIN2,,GALNT10
,,ARHGEF4,,GALNT10
,,NFE2L2,,GALNT2
,,LINC00852,,GALNT2
,,LARS,,GATC
,,AC073343.1,,GATC
,,CYP2R1,,GFM1
,,RMDN3,,GFM1
,,LYSMD2,,GINM1
,,RP11-498D10.5,,GINM1
,,USP22,,GLCE
,,GRN,,GLCE
,,ARSG,,GLYCTK
,,PQLC1,,GLYCTK
,,MAN1A2,,GPM6A
,,RP11-98D18.15,,GPM6A
,,CFH,,GRIK3
,,AC019097.7,,GRIK3
,,RP11-314B1.2,,GRM5
,,TLR4,,GRM5
,,VDAC2,,GRM5-AS1
,,DHRS1,,GRM5-AS1
,,SRRM3,,GUSBP2
,,YWHAG,,GUSBP2
,,MKRN1,,HACE1
,,PSMD5,,HACE1
,,ABL1,,HARS2
,,C10orf107,,HARS2
,,NAP1L1,,HIVEP2
,,NOP58,,HIVEP2
,,CRYGD,,HLA-K
,,MPRIPP1,,HLA-K
,,MON1A,,HYAL3
,,UQCC2,,HYAL3
,,FRS3,,IFT81
,,AC037459.4,,IFT81
,,TRPS1,,IGSF9B
,,RELT,,IGSF9B
,,TRAF3,,IK
,,SLX1A-SULT1A3,,IK
,,GNAZ,,IMMP2L
,,LINC00898,,IMMP2L
,,AC073343.13,,INA
,,ZWINT,,INA
,,RAB30,,INSYN1-AS1
,,MGST1,,INSYN1-AS1
,,SLC25A1,,IST1
,,AC144521.1,,IST1
,,RP3-355L5.5,,KC6
,,GS1-124K5.3,,KC6
,,CYP7B1,,KCNB1
,,RIPK2,,KCNB1
,,QSOX2,,KCTD16
,,CUZD1,,KCTD16
,,RTF1,,KDELR2
,,CHSY1,,KDELR2
,,NKAIN4,,KIAA1109
,,RP4-583P15.15,,KIAA1109
,,CRIPT,,KIAA1143
,,QRICH1,,KIAA1143
,,RANBP9,,KIAA1715
,,MAP3K5,,KIAA1715
,,LAT2,,KIF2A
,,RP11-662G23.1,,KIF2A
,,SMC5,,KIF5A
,,SBNO1,,KIF5A
,,CUL4A,,KIRREL3
,,ZFYVE1,,KIRREL3
,,SIGLEC7,,KLF7
,,RP4-756G23.5,,KLF7
,,HAX1,,KLHL29
,,C3orf70,,KLHL29
,,PSMD5,,LATS1
,,PSMD5-AS1,,LATS1
,,SHMT1,,LINC01088
,,VMP1,,LINC01088
,,SNPH,,LINC01414
,,SLC2A10,,LINC01414
,,FH,,LINC01415
,,RP11-299H21.1,,LINC01415
,,ZBTB38,,LINC01524
,,ST6GAL1,,LINC01524
,,ADCY2,,LINC01616
,,HIST1H2AK,,LINC01616
,,RP11-624M8.1,,LINC01884
,,EXOSC1,,LINC01884
,,FAM168A,,LNPK
,,LYRM9,,LNPK
,,TNRC6C-AS1,,LOC102546299
,,ZNF397,,LOC102546299
,,PDCD5,,LOXL1
,,HTR6,,LOXL1
,,CACYBP,,LRGUK
,,FNDC4,,LRGUK
,,C1QTNF7,,MAML3
,,PIK3CG,,MAML3
,,WDR60,,MAP2
,,IMPA1,,MAP2
,,MAP3K11,,MARK3
,,NDUFAF1,,MARK3
,,ACSF2,,MED19
,,GDPD1,,MED19
,,TSGA10,,MEGF11
,,KIAA1715,,MEGF11
,,SETD9,,MEIS2
,,C9orf142,,MEIS2
,,CALHM1,,METTL9
,,CABYR,,METTL9
,,ISYNA1,,MOCS1
,,SOWAHC,,MOCS1
,,NKIRAS1,,MON1A
,,CTB-119C2.1,,MON1A
,,TMEM248,,MRM2
,,RP11-894P9.1,,MRM2
,,MRPL45P2,,MRPL46
,,ACVR2B-AS1,,MRPL46
,,DCDC2,,MST1R
,,CAPRIN2,,MST1R
,,STMN3,,NAA80
,,TRMT61B,,NAA80
,,C2orf76,,NCAM1
,,PLXND1,,NCAM1
,,GUF1,,NCKIPSD
,,DNM1,,NCKIPSD
,,MADD,,NCOA2
,,RN7SL199P,,NCOA2
,,C19orf18,,NCS1
,,NCOA6,,NCS1
,,CXADR,,NDFIP2
,,TRMT61B,,NDFIP2
,,CACNA1D,,NEK4
,,TMCC1-AS1,,NEK4
,,RP11-3B12.1,,NFIB
,,DECR1,,NFIB
,,SPATA6L,,NFIX
,,PHLDA2,,NFIX
,,UNC119,,NFXL1
,,RHPN2,,NFXL1
,,SMIM11,,NKAIN2
,,CAPN2,,NKAIN2
,,RPIA,,NLGN1
,,TBC1D8,,NLGN1
,,SLC9A2,,NOL4
,,TRNT1,,NOL4
,,RP11-97C16.1,,NPHP3-AS1
,,ZC3HAV1,,NPHP3-AS1
,,USMG5,,NR2F2
,,SYCE1L,,NR2F2
,,SHMT1,,NRDC
,,NPC1,,NRDC
,,CTC-344H19.6,,NRXN1
,,BCL2L13,,NRXN1
,,HPCAL4,,NTM
,,AMIGO3,,NTM
,,ZSCAN12,,OLFM4
,,VKORC1L1,,OLFM4
,,AC004166.6,,OR1F12
,,CTD-3025N20.2,,OR1F12
,,PSMD5,,OR2B8P
,,DPYSL4,,OR2B8P
,,SNAPC1,,P2RX7
,,RGS6,,P2RX7
,,FAM189A1,,P4HTM
,,C15orf41,,P4HTM
,,LINC00674,,PAPPA2
,,ZNF446,,PAPPA2
,,PDXK,,PCDH9
,,PDXK,,PCDH9
,,XRCC6,,PCDHA10
,,RP5-1126H10.2,,PCDHA10
,,TNNI3K,,PCDHA11
,,NME7,,PCDHA11
,,PRSS16,,PCDHA12
,,ANKS1A,,PCDHA12
,,DPY19L1,,PCDHA13
,,CARS,,PCDHA13
,,FAM180B,,PCDHA5
,,EML1,,PCDHA5
,,RP11-616M17.1,,PCDHA6
,,DECR2,,PCDHA6
,,TOM1L2,,PCDHAC1
,,GDPD1,,PCDHAC1
,,JAG1,,PDP1
,,BID,,PDP1
,,SOX10,,PGBD1
,,TUBA4A,,PGBD1
,,NBEAL2,,PGPEP1
,,AFAP1-AS1,,PGPEP1
,,SLC6A7,,PHF2
,,KB-1107E3.1,,PHF2
,,HIF1A-AS1,,PIGFP2
,,SENP8,,PIGFP2
,,TM6SF2,,PLCG1
,,HMGB1P1,,PLCG1
,,AP000322.54,,PLEKHB1
,,PACSIN2,,PLEKHB1
,,OLA1,,POGZ
,,FAM208A,,POGZ
,,RP11-62H7.2,,POP5
,,MTCH2,,POP5
,,DNAJC4,,PPIL4
,,DDX11,,PPIL4
,,ARHGAP9,,PPP6C
,,ZNF26,,PPP6C
,,LGALS3,,PRKAR2A
,,GRAMD1A,,PRKAR2A
,,RP5-1074L1.4,,RAET1E
,,KHK,,RAET1E
,,PDE1A,,RASGRP1
,,RP11-53O19.1,,RASGRP1
,,ELN,,RBFOX1
,,MRPS33,,RBFOX1
,,ASB13,,RBKS
,,NEAT1,,RBKS
,,STK38L,,RBM6
,,FAM222A,,RBM6
,,IRS2,,RBMS1
,,ASB2,,RBMS1
,,RP11-231C14.4,,REEP1
,,CNOT1,,REEP1
,,C17orf100,,RP11-254F7.2
,,PLIN4,,RP11-254F7.2
,,TSSK6,,RP11-301G7.1
,,SDCBP2-AS1,,RP11-301G7.1
,,RIMS3,,RP11-318C24.2
,,KHK,,RP11-318C24.2
,,AC018470.4,,RP11-380L11.3
,,ERC2,,RP11-380L11.3
,,METTL14,,RP11-380L11.4
,,SMIM8,,RP11-380L11.4
,,ZFHX4-AS1,,RP11-474L11.5
,,CCDC171,,RP11-474L11.5
,,CCS,,RP11-73M18.7
,,SNX22,,RP11-73M18.7
,,KRT18P4,,RP11-73M18.8
,,PPT1,,RP11-73M18.8
,,LRRC53,,RP6-109B7.3
,,NME7,,RP6-109B7.3
,,KIF9,,RPRML
,,MAPKAPK3,,RPRML
,,KNG1,,RPS18P9
,,LRRD1,,RPS18P9
,,MPDZ,,RPS5
,,UGCG,,RPS5
,,BRD3,,RSRC1
,,RP11-467L20.10,,RSRC1
,,C11orf95,,RTN1
,,FAM155A,,RTN1
,,RP11-17M24.1,,RXFP2
,,ERCC2,,RXFP2
,,RTDR1,,SCAI
,,ADSL,,SCAI
,,CIAO1,,SCAMP1-AS1
,,INPP4A,,SCAMP1-AS1
,,GPD1L,,SEMA3F
,,CTBP1,,SEMA3F
,,PTPN13,,SENP6
,,RP11-364L4.3,,SENP6
,,MAP3K1,,SLC16A7
,,CAMLG,,SLC16A7
,,KIN,,SLC25A13
,,FRAT1,,SLC25A13
,,KCTD13,,SLC27A5
,,LYRM9,,SLC27A5
,,DYM,,SLC45A1
,,MAP1LC3A,,SLC45A1
,,RNF114,,SLC4A1AP
,,PSMG1,,SLC4A1AP
,,AGPAT3,,SOX5
,,RP11-466F5.8,,SOX5
,,PPP1CB,,SPRY2
,,WNT6,,SPRY2
,,CAMLG,,SRA1
,,SIRT5,,SRA1
,,TMEM209,,SRD5A3
,,H2AFJ,,SRD5A3
,,ALG5,,STMND1
,,KIF26A,,STMND1
,,TUBB3,,SUFU
,,DEF8,,SUFU
,,ERBB2,,SYNE2
,,ZNF236,,SYNE2
,,UQCRFS1,,TAL1
,,RGS9BP,,TAL1
,,ACO2,,TBC1D21
,,OSCP1,,TBC1D21
,,PLA2G4A,,TCF7L2
,,KCNT2,,TCF7L2
,,KHK,,TIMM10
,,EXOSC7,,TIMM10
,,THAP9-AS1,,TLR4
,,LIN54,,TLR4
,,TRAF3IP2,,TMA7
,,ASPH,,TMA7
,,ARHGEF17,,TMCO6
,,PLEKHB1,,TMCO6
,,NUP107,,TMEM108
,,METTL21C,,TMEM108
,,LINC00933,,TMEM33
,,RP11-830F9.5,,TMEM33
,,LYRM9,,TOX
,,FLOT2,,TOX
,,FLOT2,,TREX1
,,45361,,TREX1
,,GALK1,,TRHDE
,,C2orf44,,TRHDE
,,AC093690.1,,TRIM26
,,INPP4A,,TRIM26
,,C2orf76,,TTC12
,,IGSF11,,TTC12
,,FBXL5,,TUSC1
,,MOCS2,,TUSC1
,,RP11-393I2.4,,TYRP1
,,RAB2A,,TYRP1
,,KB-1507C5.2,,UBA7
,,CRTAC1,,UBA7
,,C1QTNF4,,UBE2M
,,SLC7A8,,UBE2M
,,ABCC11,,ULBP1
,,FDXR,,ULBP1
,,ECSIT,,ULBP2
,,ZNF681,,ULBP2
,,RP5-1039K5.16,,VAMP2
,,ENO1-AS1,,VAMP2
,,BCAN,,WBP1L
,,RP11-211A18.2,,WBP1L
,,45545,,WDR55
,,TLR6,,WDR55
,,NIPAL1,,WDR6
,,ATP6AP1L,,WDR6
,,TNS3,,XPNPEP3
,,AKAP9,,XPNPEP3
,,RP11-140A10.3,,XRCC3
,,FRMD8,,XRCC3
,,PRDM4,,ZBTB45
,,WSB2,,ZBTB45
,,DLEU1,,ZC3H7B
,,PPP1R13B,,ZC3H7B
,,RAD51-AS1,,ZFAS1
,,CES1,,ZFAS1
,,SOX15,,ZFHX3
,,TUBD1,,ZFHX3
,,HAPLN4,,ZFHX4
,,ZNF418,,ZFHX4
,,MIAT,,ZKSCAN8
,,AMIGO1,,ZKSCAN8
,,LMOD1,,ZMYND8
,,HNRNPU-AS1,,ZMYND8
,,ZNF513,,ZNF132
,,RGPD8,,ZNF132
,,RYK,,ZNF184
,,FAM196B,,ZNF184
,,HIST1H1A,,ZNF192P2
,,HIST1H3C,,ZNF192P2
,,HIST1H2BE,,ZNF322
,,DAAM2,,ZNF322
,,TPBG,,ZNF324
,,SNAP91,,ZNF324
,,NDUFAF4,,ZNF326
,,GPR6,,ZNF326
,,RP11-300M24.1,,ZNF423
,,ARMC1,,ZNF423
,,C8orf47,,ZNF501
,,RP11-1C8.4,,ZNF501
,,FBXO10,,ZNF602P
,,PRKG1,,ZNF602P
,,PBLD,,ZNF603P
,,CWF19L1,,ZNF603P
,,ARL3,,ZNF664
,,RP5-1024C24.1,,ZNF664
,,PLEKHA5,,ZNFX1
,,GOLT1B,,ZNFX1
,,C12orf44,,ZNRD1ASP
,,DIS3,,ZNRD1ASP
,,TBC1D4,,ZSCAN12P1
,,BAG5,,ZSCAN12P1
,,MAP2K1,,ZSCAN16-AS1
,,BEAN1,,ZSCAN16-AS1
,,LSMD1,,ZSCAN23
,,FDXR,,ZSCAN23
,,ADNP2,,ZSCAN26
,,C1orf174,,ZSCAN26
,,EVI5,,ZSCAN31
,,TOR1AIP1,,ZSCAN31
,,FBLN7,,ZSCAN9
,,DDX18,,ZSCAN9
,,CCDC93,,A1BG
,,SCN9A,,A1BG-AS1
,,RP11-708J19.1,,AASDH
,,LAMB2,,ABCA5
,,ZBBX,,ABCB9
,,ABCF3,,ABHD14A
,,CAMK2N2,,ABHD2
,,RP11-673E1.3,,ABHD5
,,CTC-498M16.2,,AC004812.2
,,MEF2C,,AC004878.3
,,CTB-78F1.2,,AC005498.3
,,NRSN1,,AC005519.1
,,BTN3A3,,AC005520.2
,,AC073109.2,,AC006014.10
,,DNAH11,,AC006058.1
,,CAPZA2,,AC006252.1
,,XKR6,,AC006450.3
,,RP11-25K19.1,,AC007402.2
,,CTD-3025N20.3,,AC007560.1
,,AK3,,AC008277.2
,,GRHPR,,AC008915.2
,,RP11-435O5.5,,AC009228.1
,,ZBTB34,,AC009237.8
,,POLR3DP1,,AC009309.1
,,ERLIN1,,AC009506.1
,,ARFGAP2,,AC009899.1
,,AP000662.9,,AC009961.1
,,RPS6KA4,,AC010642.2
,,DNAL1,,AC010931.1
,,RP11-507K2.3,,AC010931.2
,,EFCAB11,,AC011139.1
,,PDIA3,,AC011239.2
,,IREB2,,AC012313.2
,,RP1-66C13.4,,AC012313.8
,,B3GNTL1,,AC012511.1
,,BAK1P1,,AC013652.1
,,CXADR,,AC017104.1
,,RANGAP1,,AC018541.1
,,CCDC134,,AC018641.1
,,IFI44,,AC018648.1
,,DDX59,,AC019294.2
,,COX20,,AC020658.7
,,COX20,,AC021723.2
,,HNMT,,AC022400.4
,,TRNT1,,AC022540.1
,,BRK1,,AC022730.4
,,SLC38A3,,AC022832.1
,,PIGZ,,AC025165.5
,,SMIM14,,AC025756.1
,,NKAPL,,AC026367.3
,,RP1-45I4.3,,AC048351.1
,,AC068533.7,,AC068025.1
,,AC083862.6,,AC068473.5
,,STRBP,,AC068490.1
,,SIRT1,,AC068587.4
,,RP13-137A17.6,,AC068700.1
,,TP53I11,,AC068790.7
,,RP11-968A15.2,,AC068790.9
,,SPRYD4,,AC069307.1
,,CAMKK2,,AC072052.1
,,RHOF,,AC073343.1
,,EEF1DP3,,AC073857.1
,,PCID2,,AC078845.1
,,DACT1,,AC080013.1
,,L3HYPDH,,AC084816.1
,,L3HYPDH,,AC087741.3
,,RP11-701B16.2,,AC087883.2
,,MAX,,AC091488.1
,,CDC42BPB,,AC091736.1
,,NUSAP1,,AC091826.2
,,CYP11A1,,AC091889.1
,,RLBP1,,AC091912.3
,,CHMP1A,,AC091951.3
,,TXNDC17,,AC092375.2
,,KRT17,,AC092427.1
,,RP11-269G24.8,,AC092802.1
,,STRADA,,AC092802.2
,,FTSJ3,,AC092802.4
,,FDXR,,AC092819.3
,,IER2,,AC093117.1
,,LRRC25,,AC096570.1
,,NUDT19,,AC096589.1
,,SLC9A8,,AC097478.4
,,TANGO2,,AC097518.2
,,UPB1,,AC097537.1
,,MTND2P29,,AC099329.2
,,MCOLN3,,AC099568.1
,,TMEM167B,,AC104129.1
,,RPS6KC1,,AC104232.3
,,ACP1,,AC104758.2
,,ACP1,,AC106028.3
,,SLC30A3,,AC107375.1
,,ARID5A,,AC108721.2
,,RP11-76I14.1,,AC114971.1
,,HNMT,,AC121247.1
,,AC092652.1,,AC121761.1
,,PDK1,,AC127024.5
,,ATIC,,AC127502.2
,,SLC4A7,,AC130352.1
,,KIAA1143,,AC131571.1
,,ARSB,,AC134772.1
,,CENPW,,AC136475.7
,,GRM1,,AC138951.2
,,FAM221A,,AC139100.1
,,ZC3HAV1,,AC244517.7
,,PKIA,,AC254562.1
,,SNX16,,ACADM
,,TPH1,,ACP2
,,PRPF19,,ACTR1A
,,PPP1R14B,,ADGRL4
,,CTSF,,AGAP2-AS1
,,RP11-728G15.1,,AGBL3
,,UNC119B,,AHNAK2
,,CCNA1,,AIG1
,,AL162497.1,,AK1
,,COCH,,AK5
,,RP11-23P13.7,,AL008730.1
,,XYLT1,,AL009179.1
,,LINC00304,,AL022393.1
,,KCTD9P1,,AL031056.2
,,SKA2,,AL031118.1
,,GDPD1,,AL031430.1
,,ERCC2,,AL031595.2
,,TEAD2,,AL031595.3
,,BID,,AL049840.5
,,NT5C1A,,AL049840.6
,,MCOLN2,,AL049869.2
,,WDR63,,AL080317.2
,,ACP1,,AL096794.1
,,SUPT7L,,AL109659.2
,,AC005540.3,,AL121929.3
,,SCLY,,AL133405.2
,,TRNT1,,AL136366.1
,,RP11-451B8.1,,AL136981.2
,,CGGBP1,,AL136981.3
,,GABRB1,,AL137781.1
,,RASL11B,,AL138752.1
,,KLHL2P1,,AL138889.3
,,C5orf34,,AL138976.2
,,FCHSD1,,AL138995.1
,,CBX3,,AL139300.2
,,TNS3,,AL158064.1
,,RPL7L1P2,,AL158212.3
,,PHBP15,,AL161630.1
,,RP11-132A1.4,,AL353151.2
,,GGH,,AL353604.1
,,FKTN,,AL353795.3
,,C9orf37,,AL354751.1
,,ZNF518A,,AL355304.1
,,PSD,,AL355672.1
,,TRIM3,,AL356608.1
,,RP11-738O11.13,,AL357522.1
,,EI24,,AL357833.1
,,PCED1B,,AL358944.1
,,CPSF6,,AL359502.2
,,RP1-46F2.3,,AL365205.4
,,RP11-87C12.5,,AL449403.1
,,RP11-293M10.6,,AL450267.2
,,XRCC3,,AL450345.1
,,SPTBN5,,AL450345.2
,,POLR2M,,AL450352.1
,,CSNK1G1,,AL450423.1
,,ST20,,AL450423.2
,,HOMER2,,AL512791.2
,,RLBP1,,AL513166.1
,,GLYR1,,AL583808.1
,,WFIKKN2,,AL591043.2
,,PSMC5,,AL591463.1
,,MYO15B,,AL592546.2
,,RNF157,,AL596244.1
,,POLI,,AL596257.1
,,TXNL4A,,AL645929.1
,,GCDH,,AL645940.1
,,ZNF429,,AL662795.2
,,ZNF676,,AL671277.2
,,NUDT19,,ALDH16A1
,,AP000473.8,,ALG10B
,,ADARB1,,AMIGO3
,,ADSL,,AMZ1
,,Z83840.1,,ANAPC1P2
,,RP5-821D11.7,,ANKRD33
,,RP11-169K16.9,,ANKRD9
,,RP5-1024N4.4,,AP000648.4
,,RP11-563N4.1,,AP000843.1
,,RP11-482H16.1,,AP000880.1
,,RNF149,,AP001505.1
,,AC009961.3,,AP001816.1
,,SCLY,,AP002364.1
,,SCAP,,AP002840.2
,,DCP1A,,APH1B
,,WDR5B,,APLNR
,,GMPS,,ARFGEF2
,,RP11-362K14.5,,ARHGAP1
,,TBC1D1,,ARHGAP18
,,CDKL2,,ARHGAP8
,,ARSB,,ARHGAP9
,,SPATA24,,ARHGEF15
,,PCDHB6,,ARHGEF25
,,BTN2A1,,ARL14EP
,,PPIL1,,ASCL1
,,DOPEY1,,ATG7
,,WIPI2,,ATP13A4
,,DOCK4,,ATP13A4-AS1
,,PENK,,ATP13A5
,,YWHAZ,,ATP23
,,LY6H,,ATP5MC2
,,SEC23IP,,ATP5MC3
,,ADAM8,,ATP5MD
,,SERGEF,,ATRIP
,,C2CD3,,B3GALT4
,,SART3,,B3GNT7
,,PCDH9,,B4GALNT1
,,TPP2,,BABAM1
,,SCFD1,,BAIAP2
,,RP11-829H16.3,,BAK1
,,MAN2C1,,BANK1
,,IMP3,,BBOX1
,,HOMER2,,BBS2
,,NFATC2IP,,BCL7A
,,SIAH1,,BEST1
,,AARS,,BICD2
,,FLOT2,,BNC2
,,PSMB3,,BRINP1
,,RP11-567L7.6,,BSN
,,RP11-552F3.9,,BTBD6
,,ATF4P3,,BTD
,,SYT3,,BTG3
,,SIGLEC10,,C10orf76
,,NXT1,,C14orf177
,,CTD-3184A7.4,,C14orf64
,,BAIAP2L2,,C15orf57
,,TRIT1,,C16orf45
,,WLS,,C16orf89
,,LAMTOR5-AS1,,C1GALT1
,,LMOD1,,C1orf131
,,DYNC2LI1,,C1orf53
,,CCDC104,,C1QC
,,ST3GAL5,,C2CD5
,,RP11-548P2.2,,C2orf73
,,CHCHD5,,C2orf82
,,MSL3P1,,C3orf18
,,THUMPD3,,C3orf62
,,EIF4E3,,C3orf84
,,HTR1F,,C5orf22
,,RP11-435F17.3,,C5orf49
,,KPNA1,,C6orf62
,,ROPN1B,,C7orf66
,,SRD5A3-AS1,,CACNA2D2
,,CTD-2044J15.1,,CALHM2
,,CTD-2366F13.2,,CAMKK2
,,ISOC1,,CARD11
,,TCERG1,,CARD19
,,PCYOX1L,,CARM1
,,HIST1H4J,,CARM1P1
,,RP5-1120P11.1,,CASP7
,,RP1-95L4.4,,CC2D1B
,,DFNA5,,CCDC167
,,AC005013.5,,CCDC170
,,EGFR,,CCDC175
,,TMEM120A,,CCDC183-AS1
,,POT1,,CCDC68
,,AB015752.3,,CCDC85A
,,GSDMD,,CCDC88C
,,RP11-522I20.3,,CCS
,,GRIN3A,,CD40
,,FAM171A1,,CD5
,,ZNF503-AS2,,CD8A
,,MMS19,,CDC25A
,,NHLRC2,,CDC42BPB
,,STK32C,,CDHR5
,,AAMDC,,CDKN2A
,,RP11-629G13.1,,CENPM
,,SPRYD4,,CEP44
,,RCBTB1,,CEP78
,,PCDH20,,CEP89
,,KRT8P1,,CFAP58
,,PLCB2,,CFAP99
,,RP11-23P13.6,,CFH
,,BCL2L10,,CGREF1
,,ST20-MTHFS,,CHADL
,,GRIN2A,,CHAF1B
,,ASPHD1,,CHMP2A
,,CES1,,CHRM3
,,GSE1,,CKB
,,ZNF624,,CLYBL
,,TOM1L2,,CMAHP
,,TCAM1P,,CMTR2
,,TRIM47,,CNN3
,,LDLR,,CNN3-DT
,,NUDT19,,COA8
,,C19orf40,,COL8A2
,,RP4-673D20.6,,COQ5
,,AGPAT3,,COQ8A
,,MCM3AP,,COX6A1
,,RP3-496C20.1,,CRACD
,,TMEM52,,CRB1
,,THRAP3,,CRYM
,,BMP8B,,CSMD2
,,RP4-784A16.5,,CT66
,,NEXN,,CTAGE3P
,,KIAA1324,,CTC-329D1.3
,,SHE,,CTC-467M3.3
,,KCNJ9,,CTD-2298J14.2
,,RP11-335E8.1,,CTDP1
,,AC009227.2,,CTSC
,,KLHL41,,CXADR
,,METAP1D,,CYP26B1
,,SESTD1,,CYP2D6
,,HDLBP,,CYP4A22
,,GAP43,,CYSRT1
,,FAM162A,,DAAM1
,,DIRC2,,DAGLA
,,U2SURP,,DAGLB
,,MBNL1,,DARS2
,,FAM53A,,DAZAP2
,,RP11-57B24.1,,DBNDD2
,,CEP44,,DCAF4L1
,,HOMER1,,DCDC1
,,CTC-459I6.1,,DDIT3
,,JARID2,,DDR1
,,BTN2A1,,DDX39A
,,PRSS35,,DECR2
,,NKAIN3,,DENND3
,,RIPK2,,DEPDC7
,,LY6H,,DGLUCY
,,NAPRT1,,DHRS7
,,NAPRT1,,DNAH1
,,GVQW1,,DNAH10
,,C9orf64,,DNAH10OS
,,C9orf64,,DNAI4
,,MIR600HG,,DNAJC3-DT
,,TRAF2,,DND1P1
,,CISD1,,DNTTIP1
,,ZNF503,,DOC2A
,,CHST15,,DPP7
,,BANF1,,DPY19L1P1
,,AAMDC,,DPYSL4
,,TAS2R8,,DRD4
,,C2CD5,,DUSP13
,,IKBIP,,DYSF
,,RP11-216P16.2,,DZIP1
,,TBC1D4,,EBLN3P
,,RBM26-AS1,,EEF1AKMT3
,,TPP2,,EEF2K
,,G2E3,,EFHD1
,,WDHD1,,EIF2B2
,,AQR,,EIF3IP1
,,EIF2AK4,,EIF4EBP3
,,PLEKHO2,,ELL
,,RP11-247C2.2,,EMILIN3
,,RMI2,,EMX2OS
,,CTD-2380F24.1,,ENTPD5
,,RP11-419C5.2,,EPC2
,,GALNS,,ERCC4
,,RNASEH1P2,,ETFRF1
,,RP11-78O7.2,,F2
,,NSF,,FAAP100
,,MRPL10,,FABP1
,,TIMM44,,FADS2
,,RP4-673D20.1,,FAM111A
,,RP4-673D20.4,,FAM114A2
,,GNAZ,,FAM120A
,,ARFGAP3,,FAM160B2
,,PHF13,,FAM208A
,,C1orf122,,FAM220A
,,AL021068.1,,FAM222B
,,ANKRD23,,FAM228B
,,LIPT1,,FAM53A
,,MLTK,,FANCC
,,RP11-469M7.1,,FANCL
,,FARP2,,FARP1
,,CNTN4-AS1,,FARP2
,,CRELD1,,FBXL22
,,RP11-572C15.6,,FBXO10
,,RP11-91G21.1,,FBXO8
,,TNK2,,FES
,,RP11-453E17.4,,FHIT
,,GNRHR,,FHOD3
,,RP11-35D5.1,,FKBP1BP1
,,45362,,FLRT2
,,HIVEP1,,FRAS1
,,KIAA1919,,FSHB
,,CCT7P1,,FTSJ2
,,AIMP2,,GABBR1
,,C1GALT1,,GABRB2
,,NEUROD6,,GALNT15
,,PMS2P1,,GAS5
,,RP11-149P24.1,,GAS5-AS1
,,SMC2,,GBP3
,,C9orf84,,GCSH
,,MEGF9,,GDI2
,,FBXW2,,GDPD1
,,GSN,,GLB1L2
,,ADO,,GLG1
,,FBXL15,,GLT8D1
,,CALHM2,,GLTP
,,NEURL,,GMNN
,,YWHAZP5,,GNE
,,C10orf137,,GNL3
,,RP11-867G23.1,,GPD2
,,GSTP1,,GPN1
,,RP11-196E1.3,,GPR155
,,VPS37B,,GPR176
,,CHFR,,GPR89P
,,NALCN,,GPRC5B
,,TEX30,,GPT
,,LGALS3,,GRID2IP
,,RP11-665C16.6,,GRIK2
,,RP11-454L9.2,,GRK4
,,RP11-300A12.2,,GSPT1
,,MAP2K5,,GSTA4
,,HSP90B2P,,GSTO1
,,ZNF597,,GSTO2
,,NEK4P2,,GTF2IP1
,,KRT222,,GTF3C4
,,MAP3K3,,H1-3
,,SPHK1,,H2AC13
,,TBCD,,H2BC13
,,ECH1,,H2BC4
,,ECH1,,H2BC7
,,ZNF304,,H3C6
,,AC003005.4,,H4C3
,,ITPA,,H4C8
,,ITPA,,HAPLN3
,,BTG3,,HARS
,,RASL10A,,HBEGF
,,PIK3R3,,HCG17
,,LRRC7,,HCG18
,,DDX20,,HCG4
,,CREB3L4,,HCG4B
,,EDEM3,,HEMK1
,,C1orf115,,HES7
,,AC013460.1,,HIBADH
,,ATAD2B,,HIST1H2AD
,,DPYSL5,,HIST1H4B
,,AGBL5,,HIST1H4J
,,RP11-78I14.1,,HIST1H4L
,,FMNL2,,HLA-DQA2
,,SCLY,,HLA-F-AS1
,,STK25,,HLA-G
,,XYLB,,HNRNPA1P46
,,GRAMD1C,,HNRNPUL2
,,COMMD2,,HPGD
,,MYNN,,HPR
,,CPEB2,,HSPA2
,,LIAS,,HSPB2
,,GABRB1,,HTR3A
,,ETNPPL,,HTR3B
,,RXFP1,,IER3
,,RP11-19O2.2,,IFIH1
,,SNX18,,IFITM1
,,CTC-534A2.2,,IFITM2
,,CAMLG,,IGDCC4
,,PCDHB12,,IGFBP7
,,SLIT3,,IHO1
,,RNF144B,,IL2
,,HIST1H2AE,,IMMP1L
,,UBR2,,IMMT
,,OPN5,,INKA1
,,RP11-250B2.5,,INPP4A
,,COQ3,,INPP5D
,,ZNF316,,IP6K1
,,CCZ1B,,IPO11
,,POM121,,IQCB2P
,,OPRK1,,IRF7
,,DAPK1-IT1,,ISG20
,,RP11-395P17.3,,ISLR
,,GDI2,,ITGB2-AS1
,,RP11-271F18.4,,ITIH4
,,FAM171A1,,ITPR3
,,SDHCP2,,ITPRIP
,,HOGA1,,JRK
,,PHBP9,,KCNG2
,,C10orf76,,KDM2B
,,NHLRC2,,KIAA1549
,,NUCB2,,KIF15
,,MTA2,,KIF5C
,,POLA2,,KLC1
,,ZW10,,KLF11
,,RP11-716H6.2,,KTN1
,,ACRV1,,L3HYPDH
,,ATF1,,L3MBTL2
,,METTL7A,,L3MBTL2-AS1
,,RP11-153M3.1,,LAMB2
,,DYRK2,,LAMB2P1
,,SART3,,LAMC1
,,GOLGA3,,LARS2
,,ALG5,,LBHD1
,,RP11-298I3.1,,LCN6
,,SCFD1,,LETMD1
,,NRDE2,,LIN28B-AS1
,,SLC25A29,,LINC00205
,,SPINT1,,LINC00240
,,GOLGA6L9,,LINC00398
,,RP13-996F3.3,,LINC00535
,,IQCK,,LINC00637
,,NOB1,,LINC00638
,,MED31,,LINC00976
,,POLR2A,,LINC00997
,,TOM1L2,,LINC01016
,,FLOT2,,LINC01065
,,SMARCE1,,LINC01202
,,RAD51C,,LINC01231
,,C18orf8,,LINC01243
,,ARMC6,,LINC01360
,,KLC3,,LINC01392
,,TANGO2,,LINC01493
,,IPO13,,LINC01503
,,CCDC163P,,LINC01507
,,WDR78,,LINC01547
,,ABCA4,,LINC01550
,,ASPM,,LINC01613
,,RP11-92G12.3,,LINC01645
,,RP11-168O16.1,,LINC01680
,,RAB3GAP2,,LINC01787
,,ITSN2,,LINC01822
,,TMEM214,,LINC01849
,,PSME4,,LINC01876
,,SMYD5,,LINC01896
,,FBXO41,,LINC01908
,,EIF2AK3,,LINC01929
,,MITD1,,LINC02024
,,GCC2,,LINC02123
,,UBE2F,,LINC02144
,,KIF9-AS1,,LINC02196
,,RBM5,,LINC02205
,,CD200,,LINC02240
,,CD200,,LINC02268
,,RP11-67L2.2,,LINC02321
,,UMPS,,LINC02406
,,RP11-362K14.6,,LINC02429
,,GCOM2,,LINC02432
,,RP11-542G1.1,,LINC02478
,,SGTB,,LINC02479
,,DMGDH,,LINC02484
,,SAR1B,,LINC02546
,,RP1-102H19.8,,LINC02607
,,CD164,,LINC02691
,,RP5-933K21.2,,LINC02796
,,AMZ1,,LINC02803
,,MPP6,,LOC100287010
,,POM121B,,LOC100507377
,,FZD9,,LOC101927421
,,ZNF212,,LOC101929058
,,GIMAP4,,LOC101929473
,,AF131215.9,,LOC102467222
,,SLC35G5,,LOC102724612
,,ZBTB6,,LOC102725191
,,ARHGAP21,,LOC153910
,,DKK1,,LOC285819
,,PBLD,,LOC645967
,,CRTAC1,,LOC729970
,,INA,,LOC730100
,,CHST1,,LOXL1-AS1
,,COA4,,LPIN3
,,XRRA1,,LPL
,,PAFAH1B2,,LRMDA
,,RP11-110I1.14,,LRPAP1
,,C2CD2L,,LRRC25
,,IGSF9B,,LRRC37A4P
,,TAS2R19,,LRRC4
,,IL23A,,LRRC4C
,,TMEM194A,,LRRC55
,,PSMD9,,LSM1
,,ABCB9,,LSM4
,,ESD,,LSM5
,,HAUS4,,LSMEM2
,,TDP1,,LURAP1L
,,SCARNA13,,LUZP1
,,EML1,,LY6G5C
,,EHD4,,LY75-CD302
,,CTD-3088G3.8,,LYRM4
,,ZNF720,,LYSMD3
,,B3GNT9,,MAN2B1
,,AC005822.1,,MAN2C1
,,RPS6KB1,,MAPK13
,,ACE,,MARVELD3
,,TRIM47,,MCHR1
,,UTS2R,,MDFIC
,,IMPACT,,MEAF6
,,NWD1,,MEAT6
,,CEP89,,MED24
,,GPATCH1,,MEF2C
,,TPM3P6,,MEF2C-AS1
,,RDH13,,MEI1
,,ZNF419,,Metazoa_SRP
,,CSRP2BP,,METTL24
,,PYGB,,METTL7B
,,LIME1,,MFAP3
,,WRB,,MFSD13A
,,C22orf29,,MFSD4B
,,TXNRD2,,MGST1
,,MIEF1,,MGST2
,,ATF4,,MICE
,,SLC45A1,,MIR3663HG
,,AKR7A2,,MIR4255
,,EPB41,,MIR4276
,,ELOVL1,,MIR4426
,,TMED5,,MIR4432HG
,,KIAA1324,,MIR4454
,,CD53,,MIR611
,,RP11-96K19.2,,MIR8068
,,MRPL9,,MIR924HG
,,SRP9,,MIR9-3HG
,,ZNF678,,MLH3
,,RP11-156E8.1,,MLKL
,,EIF2B4,,MLN
,,ZNF512,,MLYCD
,,UGP2,,MMAB
,,MEIS1,,MMRN1
,,ZAP70,,MORN3
,,STRADB,,MPHOSPH10
,,ATIC,,MPPED2
,,EIF1B,,MRPL33
,,NICN1,,MRPL35
,,RRP9,,MRPS31P4
,,ZBTB11-AS1,,MSR1
,,ATP2C1,,MST1
,,NEK11,,MTCH1
,,VWA5B2,,MTERF
,,MAPK10,,MTHFD1
,,RP11-673E1.1,,MVK
,,DDX60,,MYO1H
,,CLCN3,,MYO9A
,,RP11-332J15.1,,MYOSLID-AS1
,,GUSBP9,,MZF1
,,RP11-549J18.1,,NAGPA-AS1
,,MCTP1,,NAV1
,,SLCO4C1,,NCAPG2
,,C5orf54,,NCK2
,,SERPINB9,,NCOA3
,,RP11-560J1.2,,NECAB1
,,RP3-525N10.2,,NEIL1
,,MDN1,,NEK3
,,TULP4,,NEK7
,,RP11-252P19.1,,NEK9
,,FGFR1OP,,NFKB1
,,FAM120B,,NFKB2
,,PSMA2,,NICN1
,,ZNF138,,NISCH
,,POR,,NKAPL
,,ATP5J2,,NKTR
,,CYP3A5,,NKX6-2
,,AP4M1,,NMU
,,MKLN1,,NMUR1
,,TMEM178B,,NPAP1L
,,PPP2R2A,,NPHP3
,,CTD-3065J16.9,,NPIPB15
,,GPAA1,,NPIPB4
,,MAF1,,NPIPB5
,,ARID3C,,NPM3
,,HNRNPK,,NR1H3
,,KIAA1958,,NR2F1-AS1
,,PTGES2,,NR4A2
,,C9orf9,,NRAV
,,CWF19L1,,NT5DC2
,,DPCD,,NTNG1
,,PRAP1,,NUDT21
,,CARS,,OLA1
,,FOLH1,,OLFM1
,,SLC22A10,,OR2B7P
,,RP11-147I3.1,,OR2BH1P
,,RP11-91P24.6,,OR2H2
,,HYOU1,,OR5V1
,,PRR4,,OS9
,,TAS2R67P,,OSBPL9
,,RP11-328C8.4,,OTOA
,,DIP2B,,OTUD7A
,,SLC16A7,,OTX2
,,CAMKK2,,OTX2-AS1
,,RILPL2,,P2RX4
,,TRPC4,,PAIP2B
,,LINC00390,,PARP10
,,KPNA3,,PAX5
,,DZIP1,,PBRM1
,,CLYBL,,PCDH8
,,ANG,,PCDH8P1
,,RBM23,,PCDHA1
,,HOMEZ,,PCDHB10
,,BCL2L2,,PCDHB11
,,FAM177A1,,PCDHB14
,,RPL32P29,,PCDHB16
,,RP11-355I22.7,,PCDHB3
,,IFT43,,PCDHB5
,,EHD4,,PCDHB7
,,USP8,,PCDHB9
,,TIPIN,,PCNX4
,,LARP6,,PDCL2
,,MYO9A,,PDE1C
,,RP11-429B14.4,,PDE7A
,,ERI2,,PEX3
,,LONP2,,PFAS
,,CIRH1A,,PFDN1
,,RP11-296I10.6,,PGGHG
,,URAHP,,PGK1P2
,,SRR,,PHF7
,,KDM6B,,PHLPP2
,,RP11-94C24.8,,PIGCP1
,,RP11-820I16.1,,PIGP
,,TRAPPC8,,PIH1D2
,,ARHGEF18,,PIK3C3
,,MAP1S,,PIPOX
,,CERS1,,PJA2
,,ZNF738,,PKHD1
,,CTD-2538C1.2,,PKN1
,,ZNF793,,PKP3
,,ZNF607,,PLAGL1
,,MARK4,,PLGLB1
,,ZNF671,,PLGLB2
,,CDC25B,,PMM1
,,BX322557.10,,PMS2CL
,,LINC00205,,PNPLA1
,,NHP2L1,,POLD2
,,LINC00982,,POLI
,,THAP3,,POLR1E
,,DNAJC11,,POLR1H
,,DNAJC11,,POLR3E
,,PLA2G5,,POLR3H
,,SDHDP6,,POM121L2
,,RP11-335G20.7,,POMGNT2
,,RP5-1198O20.4,,POPDC3
,,FAM69A,,POU5F1
,,DR1,,PP12613
,,AGL,,PPAT
,,AGL,,PPL
,,AKNAD1,,PPM1A
,,ARNT,,PPM1M
,,KCNJ9,,PPP1R13B
,,C1orf110,,PPP1R16A
,,RP11-568K15.1,,PPP1R26-AS1
,,RNF2,,PRKCA
,,H3F3A,,PRKCD
,,PFN4,,PRMT6
,,DTNB,,PROK2
,,DPYSL5,,PRPS1P2
,,SOS1,,PRR24
,,PRADC1,,PRR34-AS1
,,MRPL30,,PRSS16
,,AC016725.4,,PRSS51
,,RBM43,,PSCA
,,ITGB6,,PSMC3
,,PDK1,,PSMG3-AS1
,,CPS1,,PSORS1C1
,,TWIST2,,PSTPIP1
,,ENTPD3,,PTBP2
,,KLHL18,,PTDSS2
,,RP11-81N13.1,,PTPMT1
,,OR5K2,,PTPRD-AS2
,,TFG,,PTPRG
,,DZIP3,,PTPRJ
,,NAA50,,PTPRN2
,,SGCB,,PUM3
,,ENOPH1,,PWWP2A
,,C4orf36,,QRICH1
,,RP11-597D13.9,,R3HDM2
,,CTD-2310F14.1,,RAB3B
,,CTC-498M16.4,,RAB3IL1
,,DTWD2,,RAB8B
,,REEP2,,RAB9BP1
,,JAKMIP2,,RABEPK
,,NMUR2,,RABGAP1L
,,CCNG1,,RABGAP1L-DT
,,RP11-428J1.5,,RAC1
,,LRRC16A,,RARRES1
,,SNHG5,,RARS1P1
,,RARS2,,RASSF7
,,KDELR2,,RBAKDN
,,STEAP1B,,RBFA
,,GPNMB,,RBM26-AS1
,,NUDCD3,,RBPMS2
,,STAG3L5P-PVRIG2P-PILRB,,RC3H1
,,DNAJC2,,RCCD1
,,RP11-286H14.6,,RERE-AS1
,,TTC26,,REV3L-IT1
,,AF131215.4,,RFTN2
,,RP11-481A20.11,,RFWD2
,,GPR124,,RFXANK
,,PLEKHA2,,RGL2
,,PLEKHA2,,RGS6
,,KB-1980E6.3,,RHOA
,,RP13-582O9.5,,RILPL1
,,SHARPIN,,RIT2
,,GPT,,RN7SKP53
,,C9orf64,,RNA5SP486
,,SLC25A25,,RNF103
,,PPP2R4,,RNF103-CHMP3
,,PPP2R4,,RNF149
,,PPP2R4,,RNF4
,,NRP1,,RNH1
,,ZFAND4,,RNU7-173P
,,AGAP4,,RNU7-92P
,,AGAP5,,RP11-1053O12.1
,,CAMK2G,,RP11-121C2.2
,,EIF5AL1,,RP11-159N11.4
,,ADIRF-AS1,,RP11-247C2.2
,,RP11-149I23.3,,RP11-268J15.5
,,CLRN3,,RP11-282O18.3
,,ZNF215,,RP11-350J20.5
,,TRIM66,,RP11-440D17.4
,,PIK3C2A,,RP11-456J20.1
,,SAAL1,,RP11-456K23.1
,,BBOX1,,RP11-47A8.5
,,SPCS2,,RP11-522N14.2
,,NAALAD2,,RP1-153G14.4
,,ATP5L,,RP11-571M6.8
,,VPS11,,RP11-600F24.2
,,TAS2R10,,RP11-629G13.1
,,YAF2,,RP11-665J16.1
,,FMNL3,,RP11-707O23.5
,,TMBIM6,,RP11-73M18.2
,,ANO4,,RP11-73M18.6
,,OGFOD2,,RP11-73M18.9
,,N4BP2L1,,RP11-798G7.6
,,RFC3,,RP11-798G7.7
,,SERTM1,,RP11-855A2.5
,,SNX6,,RP1-265C24.5
,,RP3-414A15.2,,RP1-313I6.12
,,PTGR2,,RP3-467N11.1
,,SPATA7,,RP5-874C20.3
,,CYP46A1,,RP9
,,AL132709.5,,RP9P
,,TRMT61A,,RPARP-AS1
,,DMXL2,,RPL12
,,ZNF774,,RPL12P30
,,AC005363.9,,RPL9P5
,,PDPK2,,RPP21
,,KNOP1,,RPS27P25
,,GPRC5B,,RPS3AP34
,,PRKCB,,RPS3P6
,,EXOSC6,,RPSAP57
,,FBXO31,,RRN3P1
,,CPNE7,,RRP1B
,,GLP2R,,RSPH10B
,,AC087393.1,,RWDD3
,,KRT31,,SAMD8
,,AMZ2,,SCAPER
,,KCNJ2,,SCRN3
,,CTD-2561B21.11,,SEC24AP1
,,C17orf62,,SEMA6D
,,TMEM200C,,SEZ6
,,ZNF426,,SGIP1
,,ZNF493,,SHBG
,,RP11-678G14.2,,SHISA5
,,RHPN2,,SHMT1
,,PPP1R37,,SIGIRR
,,ZNF256,,SLC12A5
,,CTD-2583A14.1,,SLC17A5
,,FAM110A,,SLC25A51P1
,,RP4-753D10.3,,SLC26A7
,,TSPY26P,,SLC35D1
,,DSN1,,SLC37A3
,,ADRM1,,SLC38A3
,,TPD52L2,,SLC43A1
,,OLIG2,,SLC44A3
,,BRWD1,,SLC4A9
,,PRODH,,SLC6A15
,,KB-1440D3.14,,SLC9C2
,,MGAT3,,SLK
,,SCUBE1,,SMC1B
,,HSPB7,,SMDT1
,,CAMK2N1,,SMG1P3
,,TIE1,,SMG1P7
,,EIF2B3,,SMIM43
,,LURAP1,,SNAP47
,,FAAH,,SNAPC5
,,TRIM33,,SNCA
,,RP6-74O6.2,,SNCA-AS1
,,XXyac-YX155B6.5,,SNORC
,,DCAF6,,SNORD3F
,,GAS5-AS1,,SNORD3P3
,,CACNA1E,,SNORD89
,,ADIPOR1,,SNRK
,,HLA-AS1,,SNX1
,,PGAM1P6,,SOHLH1
,,SLC35F6,,SORBS3
,,DPYSL5,,SPCS1
,,SLC30A6,,SPCS3
,,DDX50P1,,SPRY1
,,FEZ2,,SRD5A3-AS1
,,PRORSD1P,,SRMP1
,,C2orf74,,SSH1
,,SFXN5,,ST3GAL5-AS1
,,LINC00152,,STAC3
,,AC159540.2,,STAG3L1
,,INPP4A,,STIMATE
,,TNFAIP6,,STK24
,,FAM117B,,STMP1
,,CARF,,STN1
,,NBEAL1,,STOML1
,,FARP2,,STUM
,,RAF1,,SULF2
,,OXSR1,,SURF4
,,WDR48,,TANK
,,WDR48,,TBC1D22A
,,KIAA2018,,TBC1D9
,,CCDC58,,TCAIM
,,MGLL,,TCERG1L
,,SEC61A1,,TDRD9
,,LXN,,TESC-AS1
,,LINC00969,,TEX26-AS1
,,SLC51A,,TEX41
,,CPLX1,,TFAP2B
,,SLAIN2,,TGFBR3
,,FGF5,,TGFBRAP1
,,CISD2,,THAP5
,,ARSJ,,THSD7A
,,RP11-9G1.3,,TIAF1
,,WWC2,,TIGD1
,,CTC-340D7.1,,TLCD4
,,7SK,,TLE1
,,LYSMD3,,TLE3
,,SMAD5,,TM6SF2
,,CTNNA1,,TMEM107
,,AC034243.1,,TMEM116
,,LRRTM2,,TMEM161B
,,SIL1,,TMEM161B-AS1
,,FNDC9,,TMEM30A-DT
,,N4BP3,,TMEM38A
,,RUFY1,,TMPRSS5
,,HTATSF1P2,,TMTC2
,,FARS2,,TMX2-CTNND1
,,RP11-524C21.2,,TNC
,,RP3-475N16.1,,TNIP2
,,FAM162B,,TOB2P1
,,EPM2A,,TOPAZ1
,,SASH1,,TP53I11
,,RPA3,,TPM2
,,ITGB8,,TRAF3IP2
,,NUPL2,,TRAF3IP2-AS1
,,GPNMB,,TRAIP
,,PSMA2,,TRAM2
,,NUDCD3,,TRDN
,,AC138783.12,,TRIM27
,,SEMA3D,,TRMT10C
,,DLX5,,TSHZ2
,,TSC22D4,,TSPEAR-AS2
,,SERPINE1,,TTC39A
,,ZNF277,,TTYH3
,,FEZF1-AS1,,TUBBP9
,,ARHGEF5,,TUBGCP2
,,FAM86B3P,,TULP1
,,TDH,,TUT4
,,RP11-419I17.1,,TXNDC11
,,ANK1,,TXNDC12
,,C8orf47,,TXNL4B
,,EMC2,,U3
,,PTK2,,UAP1L1
,,RP11-408A13.3,,UQCC2
,,RP11-195F19.30,,USP4
,,PSAT1,,USP49
,,STX17,,UTF1
,,MEGF9,,VAMP5
,,DNM1,,VARS2
,,RP11-339B21.15,,VAV2
,,GBGT1,,VAX1
,,CCDC6,,VCL
,,ADO,,VDAC2
,,PBLD,,VEGFC
,,ADIRF,,VIPR1
,,IFIT2,,VIPR2
,,ARL3,,VN1R107P
,,GLRX3,,VN1R10P
,,ECHS1,,VPS29
,,STK33,,VSIG10
,,RASSF10,,VWDE
,,C11orf96,,WBP2NL
,,FOLH1,,WBSCR16
,,GPR137,,WDR17
,,CCDC88B,,WDR82
,,PPP2R5B,,WDR83OS
,,PDE2A,,WNT2
,,RAB30-AS1,,WNT7B
,,VSTM5,,XKR9
,,TP53AIP1,,XLOC_009911
,,ST14,,XRCC6BP1
,,COPS7A,,Y_RNA
,,MANSC1,,YBEY
,,TMTC1,,Z83001.1
,,RP11-77I22.2,,Z97205.3
,,DENND5B,,Z97989.1
,,OR5BK1P,,ZBTB1
,,CCDC65,,ZBTB25
,,LETMD1,,ZBTB34
,,LYZ,,ZBTB41
,,ANKS1B,,ZBTB46
,,RP11-357K6.1,,ZBTB47
,,AC084018.1,,ZC2HC1C
,,GTF2H3,,ZC3H12D
,,AC226150.4,,ZCCHC2
,,NHLRC3,,ZEB2
,,LINC00343,,ZFHX4-AS1
,,AL139099.1,,ZFP64
,,AL132709.8,,ZFYVE21
,,RP11-1017G21.5,,ZKSCAN3
,,RP11-1017G21.6,,ZKSCAN4
,,CTD-2184D3.6,,ZKSCAN7-AS1
,,GNB5,,ZNF23
,,IDH3A,,ZNF311
,,IDH3A,,ZNF334
,,RP11-152F13.3,,ZNF391
,,TICRR,,ZNF484
,,NOXO1,,ZNF497
,,CDIP1,,ZNF544
,,RP11-345J4.8,,ZNF549
,,CTD-2574D22.2,,ZNF584
,,TMEM219,,ZNF608
,,LPCAT2,,ZNF646P1
,,RABEP1,,ZNF660
,,AC007952.5,,ZNF664-RFLNA
,,MSL1,,ZNF852
,,ANKRD40,,ZNRF2P1
,,RP11-214C8.2,,ZSCAN12
,,MRPS7,,
,,RNMT,,
,,GAREM,,
,,TXNL4A,,
,,MIR7-3HG,,
,,AC011524.1,,
,,CLPTM1,,
,,AC006262.6,,
,,RN7SL364P,,
,,PTOV1-AS1,,
,,ZNF347,,
,,CRLS1,,
,,OSBPL2,,
,,CHRNA4,,
,,CYP4F29P,,
,,SNX18P13,,
,,ANKRD20A11P,,
,,KCNE1,,
,,PSMG1,,
,,SLC25A18,,
,,MB,,
,,TRIOBP,,
,,SRM,,
,,SLC25A34,,
,,HP1BP3,,
,,PIGV,,
,,NUDC,,
,,KDM4A,,
,,SLC44A5,,
,,MSH4,,
,,CEPT1,,
,,RN7SL600P,,
,,MUC1,,
,,PEA15,,
,,RP11-307B6.3,,
,,AURKAPS1,,
,,RNU6ATAC35P,,
,,GALNT14,,
,,HMGB1P31,,
,,GPAT2,,
,,PRPF40A,,
,,LY75,,
,,CCDC173,,
,,WDR75,,
,,RP11-647K16.1,,
,,KCTD18,,
,,ICA1L,,
,,ICA1L,,
,,DNER,,
,,AC114730.11,,
,,RAB5A,,
,,OXSR1,,
,,RP4-555D20.2,,
,,ZDHHC3,,
,,CCDC71,,
,,CACNA2D2,,
,,C3orf38,,
,,RPL32P3,,
,,IFT122,,
,,P2RY14,,
,,SLC33A1,,
,,GFM1,,
,,PP13439,,
,,IDUA,,
,,CD38,,
,,ANTXR2,,
,,PDLIM5,,
,,RP11-10L12.4,,
,,RP11-58H15.1,,
,,SORBS2,,
,,RP11-259O2.1,,
,,CSNK1G3,,
,,GRAMD3,,
,,AC009014.3,,
,,MYOZ3,,
,,LRRC16A,,
,,BTN2A2,,
,,RP5-874C20.3,,
,,HLA-DOA,,
,,LHFPL5,,
,,MEA1,,
,,AARS2,,
,,RIMS1,,
,,RP5-1112D6.7,,
,,SERAC1,,
,,FAM120B,,
,,ZNF815P,,
,,GPNMB,,
,,ANLN,,
,,RP11-460N20.7,,
,,DLD,,
,,IMMP2L,,
,,RP11-305M3.2,,
,,SLC37A3,,
,,FDFT1,,
,,FAM66D,,
,,RP11-1236K1.8,,
,,ENPP7P12,,
,,FAM90A25P,,
,,CCDC25,,
,,CCDC25,,
,,AGPAT6,,
,,FAM110B,,
,,IMPA1,,
,,ZFAND1,,
,,TRHR,,
,,NUDCD1,,
,,NAPRT1,,
,,RP11-408A13.4,,
,,CDKN2B-AS1,,
,,IGFBPL1,,
,,TRPM3,,
,,ALDH1A1,,
,,FAM206A,,
,,ALAD,,
,,PTGES2,,
,,NELFB,,
,,WDR37,,
,,SORBS1,,
,,PGAM1,,
,,SEMA4G,,
,,WBP1L,,
,,INPP5F,,
,,OR2AG2,,
,,OR2D2,,
,,RNF141,,
,,PRMT3,,
,,SLC17A6,,
,,PAX6,,
,,CAT,,
,,DGKZ,,
,,AGBL2,,
,,PTPRJ,,
,,COX8A,,
,,FERMT3,,
,,ARL2,,
,,COA4,,
,,PANX1,,
,,RP11-680F20.10,,
,,FOXRED1,,
,,RP11-218M22.1,,
,,PIK3C2G,,
,,PDZRN4,,
,,DDX23,,
,,LETMD1,,
,,SLC4A8,,
,,PDE1B,,
,,MUCL1,,
,,ARHGEF25,,
,,FAHD2P1,,
,,ATXN7L3B,,
,,PPFIA2,,
,,BTG1,,
,,HECTD4,,
,,OGFOD2,,
,,TRIM13,,
,,CLN5,,
,,RASA3,,
,,RAB2B,,
,,ABHD4,,
,,SLC7A8,,
,,NFKBIA,,
,,SLC25A21,,
,,CLEC14A,,
,,EIF2AK4,,
,,RMDN3,,
,,ZSCAN29,,
,,RP11-30K9.6,,
,,LACTB,,
,,LACTB,,
,,CD276,,
,,ISLR,,
,,SCAMP5,,
,,DNAJA4,,
,,DNAJA4,,
,,FAM154B,,
,,DNM1P46,,
,,DOC2A,,
,,RP11-401P9.4,,
,,RP11-863P13.4,,
,,RNASEK,,
,,CCDC144CP,,
,,USP32P3,,
,,RDM1,,
,,DBF4B,,
,,ACE,,
,,SDK2,,
,,UBALD2,,
,,DSG3,,
,,NOL4,,
,,LOXHD1,,
,,CYB5A,,
,,CREB3L3,,
,,PTPRS,,
,,RAB8A,,
,,ABHD8,,
,,CTD-2521M24.6,,
,,SUGP2,,
,,ZNF430,,
,,RYR1,,
,,CD37,,
,,ZNF480,,
,,ZNF784,,
,,AC004076.9,,
,,VN1R1,,
,,ZNF134,,
,,ZNF211,,
,,GSS,,
,,ADA,,
,,KCNG1,,
,,AP001597.1,,
,,GUSBP11,,
,,HSCB,,
,,GAS2L1,,
,,RP3-508I15.9,,
,,WBP2NL,,
,,RRP7B,,
,,CHKB-AS1,,
,,CDK11B,,
,,PIK3CD,,
,,RP11-5P18.10,,
,,SEPN1,,
,,STMN1,,
,,HEYL,,
,,LRP8,,
,,RPE65,,
,,HHLA3,,
,,TTLL7,,
,,OLFM3,,
,,WDR47,,
,,PSMA5,,
,,RP11-196G18.22,,
,,ANP32E,,
,,RP1-79C4.4,,
,,GLRX2,,
,,B3GALT2,,
,,NAV1,,
,,YOD1,,
,,ARF1,,
,,OBSCN,,
,,RP11-382D8.5,,
,,RP11-561I11.3,,
,,SCCPDH,,
,,SCCPDH,,
,,RNF144A,,
,,AC011747.7,,
,,DNAJC27,,
,,CGREF1,,
,,RP11-373D23.3,,
,,GALM,,
,,EXOC6B,,
,,CNNM4,,
,,RABL2A,,
,,AC009506.1,,
,,C2orf69,,
,,INO80D,,
,,SLC4A3,,
,,IRAK2,,
,,PLCL2,,
,,STT3B,,
,,CLASP2,,
,,TRAIP,,
,,C3orf67,,
,,AGGF1P3,,
,,LINC00882,,
,,QTRTD1,,
,,FSTL1,,
,,PTPLB,,
,,KALRN,,
,,ITGB5,,
,,DGKG,,
,,SDHAP1,,
,,TBC1D19,,
,,LARP7,,
,,FAM160A1,,
,,UBE2QL1,,
,,CTD-2124B8.2,,
,,RP11-1280N14.3,,
,,CTC-487M23.5,,
,,CCNI2,,
,,ABLIM3,,
,,FAM114A2,,
,,KIF4B,,
,,CLINT1,,
,,SLU7,,
,,HMGB3P22,,
,,SERPINB9,,
,,F13A1,,
,,SYCP2L,,
,,HMGN4,,
,,ZNF204P,,
,,NUDT3,,
,,ETV7,,
,,TCTE1,,
,,TRAM2,,
,,TMEM14A,,
,,PHF3,,
,,TSTD3,,
,,GOPC,,
,,HEY2,,
,,THBS2,,
,,TTYH3,,
,,AC003090.1,,
,,WIPF3,,
,,COBL,,
,,RP11-797H7.5,,
,,RP11-313P13.3,,
,,SPDYE8P,,
,,TBL2,,
,,DTX2,,
,,AC004893.11,,
,,ZKSCAN5,,
,,STAG3,,
,,ARMC10,,
,,KLHDC10,,
,,FAM86B1,,
,,FAM66A,,
,,RP11-351I21.6,,
,,CTD-3247F14.2,,
,,PLEKHA2,,
,,C8orf47,,
,,TBC1D31,,
,,FAM91A1,,
,,TSTA3,,
,,OPLAH,,
,,RCL1,,
,,HAUS6,,
,,CDKN2B,,
,,TRPM3,,
,,TNC,,
,,PKN3,,
,,ABL1,,
,,GPSM1,,
,,AKR1E2,,
,,FBXO18,,
,,NRP1,,
,,GRID1,,
,,PAPSS2,,
,,ALDH18A1,,
,,ERLIN1,,
,,UROS,,
,,CALY,,
,,RRM1,,
,,OR6A2,,
,,CYB5R2,,
,,TMEM9B-AS1,,
,,ADM,,
,,RRAS2,,
,,Z83001.1,,
,,MADD,,
,,CELF1,,
,,GLYATL2,,
,,LRRC10B,,
,,FADS3,,
,,EFEMP2,,
,,B3GNT1,,
,,RP11-21L23.2,,
,,PAK1,,
,,ME3,,
,,TRIM29,,
,,DUSP16,,
,,TM7SF3,,
,,LRRK2,,
,,NELL2,,
,,FAIM2,,
,,SPRYD4,,
,,STAT6,,
,,PIP4K2C,,
,,SLC16A7,,
,,LYZ,,
,,KRR1,,
,,RMST,,
,,CHPT1,,
,,TCTN1,,
,,ACADS,,
,,ACADS,,
,,SPPL3,,
,,DENR,,
,,HIP1R,,
,,RILPL1,,
,,ZNF891,,
,,PSPC1,,
,,LRCH1,,
,,PIBF1,,
,,TBC1D4,,
,,RP11-29B2.5,,
,,CDH24,,
,,MPP5,,
,,SMOC1,,
,,PTGR2,,
,,BTBD6,,
,,NPAP1,,
,,RMDN3,,
,,CHP1,,
,,CTD-2524L6.3,,
,,LOXL1,,
,,ISLR2,,
,,RP11-665J16.1,,
,,ADAMTS7,,
,,RP11-761I4.4,,
,,RP13-98N21.2,,
,,ARRDC4,,
,,LA16c-349E10.1,,
,,ANKS3,,
,,RP11-243A14.1,,
,,NPIPA8,,
,,ACSM3,,
,,NKD1,,
,,MT2A,,
,,MT1X,,
,,RSPRY1,,
,,HYDIN,,
,,KIAA0513,,
,,APRT,,
,,SPATA2L,,
,,CAMKK1,,
,,SCIMP,,
,,SLC2A4,,
,,SLC35G6,,
,,VAMP2,,
,,WDR16,,
,,NCOR1,,
,,LLGL1,,
,,Y_RNA,,
,,RP11-311F12.1,,
,,SPECC1,,
,,ORMDL3,,
,,PHB,,
,,BZRAP1-AS1,,
,,PRKAR1A,,
,,MXRA7,,
,,MGAT5B,,
,,RFNG,,
,,ZNF521,,
,,PMAIP1,,
,,RNF152,,
,,CTC-429L19.3,,
,,C19orf57,,
,,DNAJB1,,
,,MEF2BNB,,
,,FUZ,,
,,CD33,,
,,ZNF761,,
,,ZNF814,,
,,ADRA1D,,
,,INSM1,,
,,GZF1,,
,,COMMD7,,
,,CHMP4B,,
,,TRPC4AP,,
,,CTSA,,
,,TMEM189-UBE2V1,,
,,RP5-1043L13.1,,
,,TAF4,,
,,LIME1,,
,,CBR3,,
,,CBR3,,
,,RRP1,,
,,ICOSLG,,
,,CECR5-AS1,,
,,YPEL1,,
,,CTA-246H3.12,,
,,SF3A1,,
,,RP1-151B14.6,,
,,TNFRSF13C,,
,,SLC25A5P1,,
,,CYP2D6,,
,,Z83851.1,,
,,AL022476.2,,
,,TMEM88B,,
,,CROCCP3,,
,,HTR1D,,
,,PNRC2,,
,,GNL2,,
,,OXCT2,,
,,CCDC17,,
,,ZZZ3,,
,,ZNHIT6,,
,,PTBP2,,
,,SARS,,
,,CSF1,,
,,KCNC4,,
,,PROK1,,
,,S100A14,,
,,NIT1,,
,,ALDH9A1,,
,,ALDH9A1,,
,,TMCO1,,
,,DCAF6,,
,,KIAA1614,,
,,TMCC2,,
,,CENPF,,
,,ENAH,,
,,PLD5,,
,,COX20,,
,,RP11-439E19.10,,
,,CGREF1,,
,,SLC5A6,,
,,SLC4A1AP,,
,,KCNG3,,
,,ZFP36L2,,
,,RP11-554J4.1,,
,,ANXA4,,
,,NAGK,,
,,NAGK,,
,,CAPG,,
,,CD8A,,
,,KRCC1,,
,,KIAA1211L,,
,,EEF1A1P12,,
,,ST6GAL2,,
,,AC013271.3,,
,,SLC35F5,,
,,RP11-521O16.1,,
,,CD302,,
,,STK39,,
,,GPR155,,
,,HIBCH,,
,,AC067945.4,,
,,COQ10B,,
,,SEPHS1P6,,
,,KLF7,,
,,FN1,,
,,AC007563.1,,
,,AC021016.7,,
,,CRBN,,
,,TATDN2,,
,,RAF1,,
,,GRIP2,,
,,RARB,,
,,GPD1L,,
,,CX3CR1,,
,,ZNF621,,
,,MST1R,,
,,LRIG1,,
,,SUCLG2,,
,,DCBLD2,,
,,IMPG2,,
,,IFT57,,
,,C3orf52,,
,,RP11-255E6.5,,
,,TMEM39A,,
,,MYLK-AS1,,
,,SLC41A3,,
,,TXNRD3,,
,,RUVBL1,,
,,RP11-517B11.7,,
,,RASA2,,
,,TM4SF1,,
,,SLC33A1,,
,,MLF1,,
,,NMD3,,
,,PLD1,,
,,EIF2B5,,
,,VPS8,,
,,MFI2-AS1,,
,,RP13-616I3.1,,
,,NSG1,,
,,SLIT2,,
,,LIAS,,
,,UGDH,,
,,PRDM8,,
,,RP11-1299A16.3,,
,,ETNPPL,,
,,PDE5A,,
,,INPP4B,,
,,ETFDH,,
,,SCRG1,,
,,MTRR,,
,,RAI14,,
,,CTD-2210P15.2,,
,,RGS7BP,,
,,CARTPT,,
,,CTD-2316B1.2,,
,,PJA2,,
,,RN7SKP230,,
,,CTD-2287O16.5,,
,,SNX24,,
,,GRAMD3,,
,,SLC22A5,,
,,CYSTM1,,
,,PCDHA11,,
,,PCDHA12,,
,,PCDHA13,,
,,KIAA0141,,
,,LARS,,
,,PCYOX1L,,
,,TIGD6,,
,,G3BP1,,
,,CNOT8,,
,,CNOT6,,
,,NQO2,,
,,SIRT5,,
,,ALDH5A1,,
,,HCG11,,
,,HLA-DRB1,,
,,GPR116,,
,,FILIP1,,
,,TPBG,,
,,OSTM1,,
,,CCDC162P,,
,,AMD1,,
,,GOPC,,
,,LINC01010,,
,,VDAC1P8,,
,,RP11-350J20.9,,
,,C6orf211,,
,,IPCEF1,,
,,SERAC1,,
,,WIPI2,,
,,MIOS,,
,,RPA3-AS1,,
,,ISPD,,
,,AC005154.7,,
,,KBTBD2,,
,,POLD2,,
,,NUPR1L,,
,,RP4-725G10.4,,
,,GS1-124K5.4,,
,,SBDSP1,,
,,STAG3L2,,
,,AC004980.9,,
,,CCDC146,,
,,RBM48,,
,,CDK6,,
,,AC007875.3,,
,,CPSF4,,
,,CNPY4,,
,,PILRB,,
,,CLDN15,,
,,POLR2J3,,
,,PTN,,
,,CREB3L2,,
,,TRPV6,,
,,RP4-545C24.1,,
,,SGK223,,
,,AF131216.5,,
,,LONRF1,,
,,TUSC3,,
,,LZTS1,,
,,LGI3,,
,,PDLIM2,,
,,RP11-582J16.5,,
,,PEBP4,,
,,RP11-759A9.1,,
,,DENND3,,
,,SLC45A4,,
,,RP13-467H17.1,,
,,RP11-273G15.2,,
,,MROH1,,
,,MFSD3,,
,,LRRC14,,
,,KIAA1432,,
,,SH3GL2,,
,,CAAP1,,
,,C9orf131,,
,,PIP5K1B,,
,,KLF9,,
,,TLE4,,
,,RMI1,,
,,RP11-82L18.4,,
,,TMOD1,,
,,TRIM14,,
,,MURC,,
,,TMEM245,,
,,LPAR1,,
,,RP11-4O1.2,,
,,SUSD1,,
,,RP11-356B19.11,,
,,RPL12,,
,,PTRH1,,
,,RP11-247A12.7,,
,,RP11-247A12.2,,
,,CACFD1,,
,,DBH,,
,,ARRDC1,,
,,RP11-885N19.6,,
,,PFKFB3,,
,,BEND7,,
,,RET,,
,,SPOCK2,,
,,FUT11,,
,,COMTD1,,
,,PTEN,,
,,IFIT2,,
,,PDCD4,,
,,ATE1,,
,,PTPRE,,
,,GLRX3,,
,,OR10AB1P,,
,,AMPD3,,
,,LUZP2,,
,,PRRG4,,
,,PRR5L,,
,,RAG2,,
,,C11orf49,,
,,PLA2G16,,
,,KCNK4,,
,,PYGM,,
,,SNX32,,
,,GAL3ST3,,
,,TCIRG1,,
,,CTD-2313N18.5,,
,,CHRDL2,,
,,RP11-573M3.3,,
,,PPP2R1B,,
,,BCO2,,
,,IL10RA,,
,,ARHGEF12,,
,,FEZ1,,
,,SRPR,,
,,KCNA1,,
,,CD27-AS1,,
,,GRIN2B,,
,,ARHGDIB,,
,,SLCO1C1,,
,,RASSF8-AS1,,
,,PPP1R1A,,
,,SLC16A7,,
,,AVPR1A,,
,,RP11-1016B18.1,,
,,MTERFD3,,
,,NOS1,,
,,PEBP1,,
,,CIT,,
,,ATP6V0A2,,
,,PXMP2,,
,,IFT88,,
,,LINC00539,,
,,LINC00621,,
,,MEDAG,,
,,WBP4,,
,,VWA8,,
,,ENOX1-AS1,,
,,KLF12,,
,,OXGR1,,
,,DOCK9,,
,,LINC00443,,
,,RNASE4,,
,,RP11-298I3.5,,
,,STXBP6,,
,,NUBPL,,
,,TTC6,,
,,AKAP5,,
,,RP6-91H8.5,,
,,NT5CP2,,
,,PTGR2,,
,,ISM2,,
,,RP11-497E19.1,,
,,TRAF3,,
,,TMEM179,,
,,SPRED1,,
,,PAK6,,
,,CKMT1B,,
,,PDIA3,,
,,SNX1,,
,,TRIP4,,
,,PLEKHO2,,
,,ADPGK,,
,,WDR61,,
,,RP13-996F3.5,,
,,CSPG4P9,,
,,CPEB1,,
,,FAM103A1,,
,,RP11-97O12.6,,
,,AC068831.10,,
,,SYNM,,
,,SYNM,,
,,VASN,,
,,ABAT,,
,,PDXDC1,,
,,RP11-680G24.5,,
,,RRN3,,
,,NOMO3,,
,,RP11-1348G14.6,,
,,45536,,
,,PRMT7,,
,,MARVELD3,,
,,CDYL2,,
,,NUP88,,
,,MYH10,,
,,NTN1,,
,,RP1-178F10.1,,
,,NOS2,,
,,ACACA,,
,,GSDMB,,
,,RAPGEFL1,,
,,DUSP3,,
,,TMEM101,,
,,TMUB2,,
,,TTLL6,,
,,EXOC7,,
,,CYGB,,
,,CTD-2047H16.4,,
,,NPLOC4,,
,,RP13-1032I1.7,,
,,DCXR,,
,,RP11-78F17.1,,
,,RALBP1,,
,,CABLES1,,
,,FHOD3,,
,,MYO5B,,
,,RP11-267C16.1,,
,,LINC00909,,
,,SPPL2B,,
,,THOP1,,
,,CLEC4G,,
,,EVI5L,,
,,FBN3,,
,,CTC-325H20.7,,
,,AC007229.3,,
,,ILVBL,,
,,OCEL1,,
,,FAM129C,,
,,ARRDC2,,
,,PGPEP1,,
,,ELL,,
,,AC010335.1,,
,,RP11-420K14.6,,
,,U2AF1L4,,
,,OPA3,,
,,PLA2G4C,,
,,FLT3LG,,
,,MYH14,,
,,ZNF610,,
,,ZNF880,,
,,ZNF28,,
,,AC006116.22,,
,,ZNF264,,
,,ZNF548,,
,,FITM2,,
,,RAB22A,,
,,MTG2,,
,,RBM11,,
,,AP000295.10,,
,,ATP5O,,
,,METTL21AP1,,
,,IL17RA,,
,,AP000347.4,,
,,CCDC117,,
,,KREMEN1,,
,,DRG1,,
,,RRP7A,,
,,FLJ27365,,
,,SBF1,,
,,PIK3CD,,
,,ZBTB17,,
,,EMC1,,
,,PQLC2,,
,,LUZP1,,
,,LYPLA2,,
,,PHACTR4,,
,,RP11-268J15.5,,
,,MEAF6,,
,,EPHA10,,
,,INPP5B,,
,,CYP4X1,,
,,TCTEX1D1,,
,,DNAJB4,,
,,LPHN2,,
,,RWDD3,,
,,KIAA1324,,
,,GAS5,,
,,RP11-160H22.5,,
,,ZBTB41,,
,,CHRM3,,
,,IFT172,,
,,GPN1,,
,,PRKCE,,
,,RHOQ,,
,,AAK1,,
,,DGUOK,,
,,RP11-301O19.1,,
,,MRPL35,,
,,CHMP3,,
,,RMND5A,,
,,PLGLB2,,
,,AC062029.1,,
,,IL1R1,,
,,NPHP1,,
,,TANC1,,
,,WIPF1,,
,,SESTD1,,
,,HSPD1,,
,,MARS2,,
,,CASP10,,
,,AC007383.3,,
,,METTL21A,,
,,ARMC9,,
,,EIF4E2,,
,,AC110299.5,,
,,SYN2,,
,,ENTPD3,,
,,SNRK,,
,,ANO10,,
,,RP4-555D20.4,,
,,TCAIM,,
,,ZNF660,,
,,ZNF501,,
,,KIF15,,
,,SACM1L,,
,,NME6,,
,,NCKIPSD,,
,,P4HTM,,
,,WDR6,,
,,DALRD3,,
,,GPX1,,
,,GPX1,,
,,BSN-AS2,,
,,RNF123,,
,,MON1A,,
,,RBM6,,
,,HYAL3,,
,,NISCH,,
,,NT5DC2,,
,,PRKCD,,
,,FHIT,,
,,SYNPR,,
,,SENP7,,
,,NXPE3,,
,,GUCA1C,,
,,C3orf55,,
,,RSRC1,,
,,RARRES1,,
,,IQCJ,,
,,EGFEM1P,,
,,KDR,,
,,PAQR3,,
,,TMEM150C,,
,,MMRN1,,
,,KIAA1109,,
,,MGST2,,
,,RP11-92A5.2,,
,,GUCY1A3,,
,,SPCS3,,
,,MTRR,,
,,CDH6,,
,,EMB,,
,,IPO11,,
,,MAP1B,,
,,NREP,,
,,EPB41L4A,,
,,PPIC,,
,,PSD2,,
,,PCDHA4,,
,,PCDHA6,,
,,PCDHA9,,
,,AC005609.1,,
,,PCDHB2,,
,,AC005754.7,,
,,AC005754.8,,
,,PCDHB17,,
,,PCDHB8,,
,,PCDHB13,,
,,FAM114A2,,
,,MCUR1,,
,,CAP2,,
,,HIST1H2BB,,
,,HIST1H2BC,,
,,ZNF322,,
,,ZNF391,,
,,RP1-153G14.4,,
,,RP1-97D16.1,,
,,RP1-313I6.12,,
,,RP1-265C24.5,,
,,ZSCAN16,,
,,RP1-265C24.8,,
,,ZKSCAN8,,
,,ZNF192P1,,
,,AL022393.7,,
,,ZSCAN9,,
,,ZFAND3,,
,,CUL9,,
,,PM20D2,,
,,RP3-467N11.1,,
,,HACE1,,
,,POPDC3,,
,,PKIB,,
,,THEMIS,,
,,TMEM244,,
,,EPB41L2,,
,,PPIL4,,
,,RP11-244K5.8,,
,,RAET1E-AS1,,
,,AKAP12,,
,,ZBTB2,,
,,AL078585.1,,
,,MAD1L1,,
,,FTSJ2,,
,,TTYH3,,
,,THSD7A,,
,,CHN2,,
,,AC018641.7,,
,,SLC25A5P5,,
,,DPY19L1P1,,
,,FKBP9,,
,,GATAD1,,
,,TAC1,,
,,ARPC1B,,
,,PUS7,,
,,FOXP2,,
,,MDFIC,,
,,CFTR,,
,,TMEM140,,
,,WDR91,,
,,C7orf73,,
,,DMTN,,
,,CHMP7,,
,,ELP3,,
,,LINC00966,,
,,RP11-219B4.7,,
,,GS1-251I9.4,,
,,GSDMD,,
,,TTC39B,,
,,CNTLN,,
,,POLR1E,,
,,KIF27,,
,,TAL2,,
,,PSMB7,,
,,MVB12B,,
,,LCN2,,
,,TMSB4XP4,,
,,USP20,,
,,RP11-399H11.2,,
,,HSPA14,,
,,RP11-222A11.1,,
,,SAMD8,,
,,COMTD1,,
,,GRID1,,
,,ADIRF,,
,,HOGA1,,
,,ACTR1A,,
,,ARL3,,
,,CYP17A1,,
,,CYP17A1-AS1,,
,,CNNM2,,
,,NT5C2,,
,,ITPRIP,,
,,CCDC147-AS1,,
,,C10orf82,,
,,SIRT3,,
,,LRRC56,,
,,EPS8L2,,
,,TALDO1,,
,,PDDC1,,
,,AP006621.1,,
,,CD151,,
,,TSPAN4,,
,,AP2A2,,
,,PTPN5,,
,,SVIP,,
,,SVIP,,
,,METTL15,,
,,RP11-215H22.1,,
,,MPPED2,,
,,DNAJC24,,
,,IMMP1L,,
,,RCN1,,
,,RCN1,,
,,RCN1,,
,,CAPRIN1,,
,,ATG13,,
,,DDB2,,
,,MADD,,
,,PSMC3,,
,,LRRC55,,
,,UBE2L6,,
,,AP000662.4,,
,,TMEM216,,
,,RAB3IL1,,
,,BEST1,,
,,GANAB,,
,,PLCB3,,
,,BANF1,,
,,DOC2GP,,
,,PDE2A,,
,,AQP11,,
,,TENM4,,
,,RP11-358N4.3,,
,,RP11-839D17.3,,
,,RP11-159N11.4,,
,,ANKK1,,
,,TMPRSS5,,
,,USP28,,
,,HTR3B,,
,,VPS26B,,
,,B3GAT1,,
,,RP11-627G23.1,,
,,SOX5,,
,,SLC4A8,,
,,OR7E47P,,
,,KRT8,,
,,ESYT1,,
,,B4GALNT1,,
,,FAM19A2,,
,,LYZ,,
,,UHRF1BP1L,,
,,GIT2,,
,,HRK,,
,,FBXO21,,
,,CAMKK2,,
,,ANAPC5,,
,,WDR66,,
,,STK24,,
,,LRFN5,,
,,RP11-1053O12.1,,
,,LGALS3,,
,,L3HYPDH,,
,,JKAMP,,
,,MTHFD1,,
,,MTHFD1,,
,,ZBTB25,,
,,ZBTB1,,
,,PLEKHG3,,
,,SPTB,,
,,RP11-300J18.3,,
,,SLC25A29,,
,,TRAF3,,
,,KLC1,,
,,RP11-73M18.2,,
,,AL049840.1,,
,,C14orf2,,
,,TDRD9,,
,,RASGRP1,,
,,SEMA6D,,
,,ANXA2,,
,,RAB8B,,
,,CA12,,
,,MEGF11,,
,,ZWILCH,,
,,LOXL1-AS1,,
,,HMG20A,,
,,RASGRF1,,
,,AP3B2,,
,,FES,,
,,UNC45A,,
,,NTHL1,,
,,TNFRSF12A,,
,,CPPED1,,
,,PDXDC1,,
,,OTOA,,
,,RP11-645C24.2,,
,,DOK4,,
,,LINC00920,,
,,AARS,,
,,FUK,,
,,ZNF19,,
,,PHLPP2,,
,,AP1G1,,
,,TTC19,,
,,ALDH3A1,,
,,IFT20,,
,,LASP1,,
,,KRT222,,
,,RUNDC1,,
,,GRN,,
,,FZD2,,
,,CTD-2653B5.1,,
,,NT5C,,
,,MFSD11,,
,,BAIAP2-AS1,,
,,DCXR,,
,,C17orf62,,
,,CCDC68,,
,,TCF4,,
,,RP11-397A16.2,,
,,CDH19,,
,,PQLC1,,
,,HSBP1L1,,
,,TXNL4A,,
,,AC139100.3,,
,,MAP2K2,,
,,C19orf53,,
,,ISYNA1,,
,,CRLF1,,
,,HAMP,,
,,LENG9,,
,,ZNF132,,
,,RP11-234K24.3,,
,,WFDC3,,
,,DNTTIP1,,
,,SNX21,,
,,ACOT8,,
,,PLTP,,
,,CD40,,
,,MKRN7P,,
,,ZNFX1,,
,,JAM2,,
,,RCAN1,,
,,C21orf67,,
,,MTFP1,,
,,MCHR1,,
,,XPNPEP3,,
,,L3MBTL2,,
,,ZC3H7B,,
,,POLR3H,,
,,CSDC2,,
,,MEI1,,
,,CTA-250D10.23,,
,,CENPM,,
